/* SPDX-License-Identifier: (LGPL-2.1 OR BSD-2-Clause) */

/* THIS FILE IS AUTOGENERATED BY BPFTOOL! */
#ifndef __RSS_BPF_SKEL_H__
#define __RSS_BPF_SKEL_H__

#include <errno.h>
#include <stdlib.h>
#include <bpf/libbpf.h>

struct rss_bpf {
	struct bpf_object_skeleton *skeleton;
	struct bpf_object *obj;
	struct {
		struct bpf_map *tap_rss_map_configurations;
	} maps;
	struct {
		struct bpf_program *tun_rss_steering_prog;
	} progs;
	struct {
		struct bpf_link *tun_rss_steering_prog;
	} links;

#ifdef __cplusplus
	static inline struct rss_bpf *open(const struct bpf_object_open_opts *opts = nullptr);
	static inline struct rss_bpf *open_and_load();
	static inline int load(struct rss_bpf *skel);
	static inline int attach(struct rss_bpf *skel);
	static inline void detach(struct rss_bpf *skel);
	static inline void destroy(struct rss_bpf *skel);
	static inline const void *elf_bytes(size_t *sz);
#endif /* __cplusplus */
};

static void
rss_bpf__destroy(struct rss_bpf *obj)
{
	if (!obj)
		return;
	if (obj->skeleton)
		bpf_object__destroy_skeleton(obj->skeleton);
	free(obj);
}

static inline int
rss_bpf__create_skeleton(struct rss_bpf *obj);

static inline struct rss_bpf *
rss_bpf__open_opts(const struct bpf_object_open_opts *opts)
{
	struct rss_bpf *obj;
	int err;

	obj = (struct rss_bpf *)calloc(1, sizeof(*obj));
	if (!obj) {
		errno = ENOMEM;
		return NULL;
	}

	err = rss_bpf__create_skeleton(obj);
	if (err)
		goto err_out;

	err = bpf_object__open_skeleton(obj->skeleton, opts);
	if (err)
		goto err_out;

	return obj;
err_out:
	rss_bpf__destroy(obj);
	errno = -err;
	return NULL;
}

static inline struct rss_bpf *
rss_bpf__open(void)
{
	return rss_bpf__open_opts(NULL);
}

static inline int
rss_bpf__load(struct rss_bpf *obj)
{
	return bpf_object__load_skeleton(obj->skeleton);
}

static inline struct rss_bpf *
rss_bpf__open_and_load(void)
{
	struct rss_bpf *obj;
	int err;

	obj = rss_bpf__open();
	if (!obj)
		return NULL;
	err = rss_bpf__load(obj);
	if (err) {
		rss_bpf__destroy(obj);
		errno = -err;
		return NULL;
	}
	return obj;
}

static inline int
rss_bpf__attach(struct rss_bpf *obj)
{
	return bpf_object__attach_skeleton(obj->skeleton);
}

static inline void
rss_bpf__detach(struct rss_bpf *obj)
{
	bpf_object__detach_skeleton(obj->skeleton);
}

static inline const void *rss_bpf__elf_bytes(size_t *sz);

static inline int
rss_bpf__create_skeleton(struct rss_bpf *obj)
{
	struct bpf_object_skeleton *s;
	int err;

	s = (struct bpf_object_skeleton *)calloc(1, sizeof(*s));
	if (!s)	{
		err = -ENOMEM;
		goto err;
	}

	s->sz = sizeof(*s);
	s->name = "rss_bpf";
	s->obj = &obj->obj;

	/* maps */
	s->map_cnt = 1;
	s->map_skel_sz = sizeof(*s->maps);
	s->maps = (struct bpf_map_skeleton *)calloc(s->map_cnt, s->map_skel_sz);
	if (!s->maps) {
		err = -ENOMEM;
		goto err;
	}

	s->maps[0].name = "tap_rss_map_configurations";
	s->maps[0].map = &obj->maps.tap_rss_map_configurations;

	/* programs */
	s->prog_cnt = 1;
	s->prog_skel_sz = sizeof(*s->progs);
	s->progs = (struct bpf_prog_skeleton *)calloc(s->prog_cnt, s->prog_skel_sz);
	if (!s->progs) {
		err = -ENOMEM;
		goto err;
	}

	s->progs[0].name = "tun_rss_steering_prog";
	s->progs[0].prog = &obj->progs.tun_rss_steering_prog;
	s->progs[0].link = &obj->links.tun_rss_steering_prog;

	s->data = (void *)rss_bpf__elf_bytes(&s->data_sz);

	obj->skeleton = s;
	return 0;
err:
	bpf_object__destroy_skeleton(s);
	return err;
}

static inline const void *rss_bpf__elf_bytes(size_t *sz)
{
	*sz = 35848;
	return (const void *)"\
\x7f\x45\x4c\x46\x02\x01\x01\0\0\0\0\0\0\0\0\0\x01\0\xf7\0\x01\0\0\0\0\0\0\0\0\
\0\0\0\0\0\0\0\0\0\0\0\x08\x85\0\0\0\0\0\0\0\0\0\0\x40\0\0\0\0\0\x40\0\x1c\0\
\x01\0\xbf\x17\0\0\0\0\0\0\xb7\x01\0\0\0\0\0\0\x63\x1a\x54\xff\0\0\0\0\xbf\xa2\
\0\0\0\0\0\0\x07\x02\0\0\x54\xff\xff\xff\x18\x01\0\0\0\0\0\0\0\0\0\0\0\0\0\0\
\x85\0\0\0\x01\0\0\0\xbf\x06\0\0\0\0\0\0\x18\0\0\0\xff\xff\xff\xff\0\0\0\0\0\0\
\0\0\x15\x06\x07\0\0\0\0\0\x71\x61\0\0\0\0\0\0\x55\x01\x06\0\0\0\0\0\x07\x06\0\
\0\x08\0\0\0\x71\x61\0\0\0\0\0\0\x71\x60\x01\0\0\0\0\0\x67\0\0\0\x08\0\0\0\x4f\
\x10\0\0\0\0\0\0\x95\0\0\0\0\0\0\0\xb7\x01\0\0\0\0\0\0\x63\x1a\xc8\xff\0\0\0\0\
\x7b\x1a\xc0\xff\0\0\0\0\x7b\x1a\xb8\xff\0\0\0\0\x7b\x1a\xb0\xff\0\0\0\0\x7b\
\x1a\xa8\xff\0\0\0\0\x63\x1a\xa0\xff\0\0\0\0\x7b\x1a\x98\xff\0\0\0\0\x7b\x1a\
\x90\xff\0\0\0\0\x7b\x1a\x88\xff\0\0\0\0\x7b\x1a\x80\xff\0\0\0\0\x7b\x1a\x78\
\xff\0\0\0\0\x7b\x1a\x70\xff\0\0\0\0\x7b\x1a\x68\xff\0\0\0\0\x7b\x1a\x60\xff\0\
\0\0\0\x7b\x1a\x58\xff\0\0\0\0\x15\x07\xe9\xff\0\0\0\0\x6b\x1a\xd0\xff\0\0\0\0\
\xbf\xa3\0\0\0\0\0\0\x07\x03\0\0\xd0\xff\xff\xff\xbf\x71\0\0\0\0\0\0\xb7\x02\0\
\0\x0c\0\0\0\xb7\x04\0\0\x02\0\0\0\xb7\x05\0\0\0\0\0\0\x85\0\0\0\x44\0\0\0\x67\
\0\0\0\x20\0\0\0\x77\0\0\0\x20\0\0\0\x55\0\xde\xff\0\0\0\0\xb7\x02\0\0\x10\0\0\
\0\x69\xa1\xd0\xff\0\0\0\0\xbf\x13\0\0\0\0\0\0\xdc\x03\0\0\x10\0\0\0\x15\x03\
\x02\0\0\x81\0\0\x55\x03\x0b\0\xa8\x88\0\0\xb7\x02\0\0\x14\0\0\0\xbf\xa3\0\0\0\
\0\0\0\x07\x03\0\0\xd0\xff\xff\xff\xbf\x71\0\0\0\0\0\0\xb7\x04\0\0\x02\0\0\0\
\xb7\x05\0\0\0\0\0\0\x85\0\0\0\x44\0\0\0\x67\0\0\0\x20\0\0\0\x77\0\0\0\x20\0\0\
\0\x55\0\xce\xff\0\0\0\0\x69\xa1\xd0\xff\0\0\0\0\x15\x01\xcc\xff\0\0\0\0\x15\
\x01\x52\0\x86\xdd\0\0\x55\x01\x37\0\x08\0\0\0\xb7\x08\0\0\x01\0\0\0\x73\x8a\
\x58\xff\0\0\0\0\xb7\x01\0\0\0\0\0\0\x63\x1a\xe0\xff\0\0\0\0\x7b\x1a\xd8\xff\0\
\0\0\0\x7b\x1a\xd0\xff\0\0\0\0\xbf\xa3\0\0\0\0\0\0\x07\x03\0\0\xd0\xff\xff\xff\
\xbf\x71\0\0\0\0\0\0\xb7\x02\0\0\0\0\0\0\xb7\x04\0\0\x14\0\0\0\xb7\x05\0\0\x01\
\0\0\0\x85\0\0\0\x44\0\0\0\x67\0\0\0\x20\0\0\0\x77\0\0\0\x20\0\0\0\x55\0\xba\
\xff\0\0\0\0\x69\xa1\xd6\xff\0\0\0\0\x55\x01\x01\0\0\0\0\0\xb7\x08\0\0\0\0\0\0\
\x61\xa1\xdc\xff\0\0\0\0\x63\x1a\x64\xff\0\0\0\0\x61\xa1\xe0\xff\0\0\0\0\x63\
\x1a\x68\xff\0\0\0\0\x71\xa9\xd9\xff\0\0\0\0\x73\x8a\x5e\xff\0\0\0\0\x71\xa2\
\xd0\xff\0\0\0\0\x67\x02\0\0\x02\0\0\0\x57\x02\0\0\x3c\0\0\0\xbf\x91\0\0\0\0\0\
\0\x57\x01\0\0\xff\0\0\0\x15\x01\x18\0\0\0\0\0\x57\x08\0\0\xff\0\0\0\x55\x08\
\x16\0\0\0\0\0\x57\x09\0\0\xff\0\0\0\x15\x09\x52\x01\x11\0\0\0\x55\x09\x13\0\
\x06\0\0\0\xb7\x01\0\0\x01\0\0\0\x73\x1a\x5b\xff\0\0\0\0\xb7\x01\0\0\0\0\0\0\
\x63\x1a\xe0\xff\0\0\0\0\x7b\x1a\xd8\xff\0\0\0\0\x7b\x1a\xd0\xff\0\0\0\0\xbf\
\xa3\0\0\0\0\0\0\x07\x03\0\0\xd0\xff\xff\xff\xbf\x71\0\0\0\0\0\0\xb7\x04\0\0\
\x14\0\0\0\xb7\x05\0\0\x01\0\0\0\x85\0\0\0\x44\0\0\0\x67\0\0\0\x20\0\0\0\x77\0\
\0\0\x20\0\0\0\x55\0\x97\xff\0\0\0\0\x69\xa1\xd0\xff\0\0\0\0\x6b\x1a\x60\xff\0\
\0\0\0\x69\xa1\xd2\xff\0\0\0\0\x6b\x1a\x62\xff\0\0\0\0\x71\xa1\x58\xff\0\0\0\0\
\x15\x01\xd4\0\0\0\0\0\x71\x62\x03\0\0\0\0\0\x67\x02\0\0\x08\0\0\0\x71\x61\x02\
\0\0\0\0\0\x4f\x12\0\0\0\0\0\0\x71\x63\x04\0\0\0\0\0\x71\x61\x05\0\0\0\0\0\x67\
\x01\0\0\x08\0\0\0\x4f\x31\0\0\0\0\0\0\x67\x01\0\0\x10\0\0\0\x4f\x21\0\0\0\0\0\
\0\x71\xa2\x5b\xff\0\0\0\0\x15\x02\x05\x01\0\0\0\0\xbf\x12\0\0\0\0\0\0\x57\x02\
\0\0\x02\0\0\0\x15\x02\x02\x01\0\0\0\0\x61\xa1\x64\xff\0\0\0\0\x63\x1a\xa8\xff\
\0\0\0\0\x61\xa1\x68\xff\0\0\0\0\x63\x1a\xac\xff\0\0\0\0\x69\xa1\x60\xff\0\0\0\
\0\x6b\x1a\xb0\xff\0\0\0\0\x69\xa1\x62\xff\0\0\0\0\x6b\x1a\xb2\xff\0\0\0\0\x05\
\0\x64\x01\0\0\0\0\xb7\x01\0\0\x01\0\0\0\x73\x1a\x59\xff\0\0\0\0\xb7\x01\0\0\0\
\0\0\0\x7b\x1a\xf0\xff\0\0\0\0\x7b\x1a\xe8\xff\0\0\0\0\x7b\x1a\xe0\xff\0\0\0\0\
\x7b\x1a\xd8\xff\0\0\0\0\x7b\x1a\xd0\xff\0\0\0\0\xbf\xa3\0\0\0\0\0\0\x07\x03\0\
\0\xd0\xff\xff\xff\xb7\x08\0\0\x28\0\0\0\xbf\x71\0\0\0\0\0\0\xb7\x02\0\0\0\0\0\
\0\xb7\x04\0\0\x28\0\0\0\xb7\x05\0\0\x01\0\0\0\x85\0\0\0\x44\0\0\0\x67\0\0\0\
\x20\0\0\0\x77\0\0\0\x20\0\0\0\x55\0\xf9\0\0\0\0\0\x79\xa1\xe0\xff\0\0\0\0\x63\
\x1a\x6c\xff\0\0\0\0\x77\x01\0\0\x20\0\0\0\x63\x1a\x70\xff\0\0\0\0\x79\xa1\xd8\
\xff\0\0\0\0\x63\x1a\x64\xff\0\0\0\0\x77\x01\0\0\x20\0\0\0\x63\x1a\x68\xff\0\0\
\0\0\x79\xa1\xe8\xff\0\0\0\0\x63\x1a\x74\xff\0\0\0\0\x77\x01\0\0\x20\0\0\0\x63\
\x1a\x78\xff\0\0\0\0\x79\xa1\xf0\xff\0\0\0\0\x63\x1a\x7c\xff\0\0\0\0\x77\x01\0\
\0\x20\0\0\0\x63\x1a\x80\xff\0\0\0\0\x71\xa9\xd6\xff\0\0\0\0\x25\x09\x0d\x01\
\x3c\0\0\0\xb7\x01\0\0\x01\0\0\0\x6f\x91\0\0\0\0\0\0\x18\x02\0\0\x01\0\0\0\0\0\
\0\0\0\x18\0\x1c\x5f\x21\0\0\0\0\0\0\x55\x01\x01\0\0\0\0\0\x05\0\x06\x01\0\0\0\
\0\xb7\x01\0\0\0\0\0\0\x6b\x1a\xfe\xff\0\0\0\0\xb7\x08\0\0\x28\0\0\0\xbf\xa1\0\
\0\0\0\0\0\x07\x01\0\0\x94\xff\xff\xff\x7b\x1a\x30\xff\0\0\0\0\xbf\xa1\0\0\0\0\
\0\0\x07\x01\0\0\x84\xff\xff\xff\x7b\x1a\x28\xff\0\0\0\0\xb7\x01\0\0\0\0\0\0\
\x7b\x1a\x38\xff\0\0\0\0\x7b\x7a\x40\xff\0\0\0\0\xbf\xa3\0\0\0\0\0\0\x07\x03\0\
\0\xfe\xff\xff\xff\xbf\x71\0\0\0\0\0\0\xbf\x82\0\0\0\0\0\0\xb7\x04\0\0\x02\0\0\
\0\xb7\x05\0\0\x01\0\0\0\x85\0\0\0\x44\0\0\0\x67\0\0\0\x20\0\0\0\x77\0\0\0\x20\
\0\0\0\x15\0\x01\0\0\0\0\0\x05\0\x36\xff\0\0\0\0\xbf\x91\0\0\0\0\0\0\x15\x01\
\x23\0\x3c\0\0\0\x15\x01\x5c\0\x2c\0\0\0\x55\x01\x5d\0\x2b\0\0\0\xb7\x01\0\0\0\
\0\0\0\x63\x1a\xf8\xff\0\0\0\0\xbf\xa3\0\0\0\0\0\0\x07\x03\0\0\xf8\xff\xff\xff\
\xbf\x71\0\0\0\0\0\0\xbf\x82\0\0\0\0\0\0\xb7\x04\0\0\x04\0\0\0\xb7\x05\0\0\x01\
\0\0\0\x85\0\0\0\x44\0\0\0\xbf\x01\0\0\0\0\0\0\x67\x01\0\0\x20\0\0\0\x77\x01\0\
\0\x20\0\0\0\x55\x01\x04\x01\0\0\0\0\x71\xa1\xfa\xff\0\0\0\0\x55\x01\x4e\0\x02\
\0\0\0\x71\xa1\xf9\xff\0\0\0\0\x55\x01\x4c\0\x02\0\0\0\x71\xa1\xfb\xff\0\0\0\0\
\x55\x01\x4a\0\x01\0\0\0\xbf\x82\0\0\0\0\0\0\x07\x02\0\0\x08\0\0\0\xbf\x71\0\0\
\0\0\0\0\x79\xa3\x30\xff\0\0\0\0\xb7\x04\0\0\x10\0\0\0\xb7\x05\0\0\x01\0\0\0\
\x85\0\0\0\x44\0\0\0\xbf\x01\0\0\0\0\0\0\x67\x01\0\0\x20\0\0\0\x77\x01\0\0\x20\
\0\0\0\x55\x01\xf3\0\0\0\0\0\xb7\x01\0\0\x01\0\0\0\x73\x1a\x5d\xff\0\0\0\0\x05\
\0\x3c\0\0\0\0\0\x7b\x8a\x48\xff\0\0\0\0\xb7\x07\0\0\x02\0\0\0\xb7\x08\0\0\0\0\
\0\0\x6b\x8a\xf8\xff\0\0\0\0\x05\0\x12\0\0\0\0\0\x0f\x71\0\0\0\0\0\0\xbf\x12\0\
\0\0\0\0\0\x07\x02\0\0\x01\0\0\0\x71\xa3\xff\xff\0\0\0\0\x67\x03\0\0\x03\0\0\0\
\x3d\x32\x09\0\0\0\0\0\xbf\x82\0\0\0\0\0\0\x07\x02\0\0\x01\0\0\0\x67\x08\0\0\
\x20\0\0\0\xbf\x83\0\0\0\0\0\0\x77\x03\0\0\x20\0\0\0\xbf\x28\0\0\0\0\0\0\xbf\
\x17\0\0\0\0\0\0\xb7\x01\0\0\x1d\0\0\0\x2d\x31\x03\0\0\0\0\0\x79\xa7\x40\xff\0\
\0\0\0\x79\xa8\x48\xff\0\0\0\0\x05\0\x25\0\0\0\0\0\xbf\x79\0\0\0\0\0\0\x79\xa1\
\x48\xff\0\0\0\0\x0f\x19\0\0\0\0\0\0\xbf\xa3\0\0\0\0\0\0\x07\x03\0\0\xf8\xff\
\xff\xff\x79\xa1\x40\xff\0\0\0\0\xbf\x92\0\0\0\0\0\0\xb7\x04\0\0\x02\0\0\0\xb7\
\x05\0\0\x01\0\0\0\x85\0\0\0\x44\0\0\0\xbf\x01\0\0\0\0\0\0\x67\x01\0\0\x20\0\0\
\0\x77\x01\0\0\x20\0\0\0\x55\x01\x79\0\0\0\0\0\x71\xa2\xf8\xff\0\0\0\0\x55\x02\
\x0e\0\xc9\0\0\0\x07\x09\0\0\x02\0\0\0\x79\xa1\x40\xff\0\0\0\0\xbf\x92\0\0\0\0\
\0\0\x79\xa3\x28\xff\0\0\0\0\xb7\x04\0\0\x10\0\0\0\xb7\x05\0\0\x01\0\0\0\x85\0\
\0\0\x44\0\0\0\xbf\x01\0\0\0\0\0\0\x67\x01\0\0\x20\0\0\0\x77\x01\0\0\x20\0\0\0\
\x55\x01\x6c\0\0\0\0\0\xb7\x01\0\0\x01\0\0\0\x73\x1a\x5c\xff\0\0\0\0\x05\0\xdf\
\xff\0\0\0\0\xb7\x01\0\0\x01\0\0\0\x15\x02\xce\xff\0\0\0\0\x71\xa1\xf9\xff\0\0\
\0\0\x07\x01\0\0\x02\0\0\0\x05\0\xcb\xff\0\0\0\0\xb7\x01\0\0\x01\0\0\0\x73\x1a\
\x5e\xff\0\0\0\0\x71\xa1\xff\xff\0\0\0\0\x67\x01\0\0\x03\0\0\0\x0f\x18\0\0\0\0\
\0\0\x07\x08\0\0\x08\0\0\0\x71\xa9\xfe\xff\0\0\0\0\x25\x09\x10\0\x3c\0\0\0\xb7\
\x01\0\0\x01\0\0\0\x6f\x91\0\0\0\0\0\0\x18\x02\0\0\x01\0\0\0\0\0\0\0\0\x18\0\
\x1c\x5f\x21\0\0\0\0\0\0\x55\x01\x01\0\0\0\0\0\x05\0\x09\0\0\0\0\0\x79\xa1\x38\
\xff\0\0\0\0\x07\x01\0\0\x01\0\0\0\x7b\x1a\x38\xff\0\0\0\0\x67\x01\0\0\x20\0\0\
\0\x77\x01\0\0\x20\0\0\0\x55\x01\x81\xff\x0b\0\0\0\xbf\x82\0\0\0\0\0\0\x71\xa8\
\x5e\xff\0\0\0\0\x05\0\x11\xff\0\0\0\0\x15\x09\xf6\xff\x87\0\0\0\x05\0\xfb\xff\
\0\0\0\0\x71\xa1\x59\xff\0\0\0\0\x15\x01\xbb\xfe\0\0\0\0\x71\x62\x03\0\0\0\0\0\
\x67\x02\0\0\x08\0\0\0\x71\x61\x02\0\0\0\0\0\x4f\x12\0\0\0\0\0\0\x71\x63\x04\0\
\0\0\0\0\x71\x61\x05\0\0\0\0\0\x67\x01\0\0\x08\0\0\0\x4f\x31\0\0\0\0\0\0\x67\
\x01\0\0\x10\0\0\0\x4f\x21\0\0\0\0\0\0\x71\xa2\x5b\xff\0\0\0\0\x15\x02\x43\0\0\
\0\0\0\xbf\x12\0\0\0\0\0\0\x57\x02\0\0\x10\0\0\0\x15\x02\x40\0\0\0\0\0\x57\x01\
\0\0\x80\0\0\0\xb7\x02\0\0\x10\0\0\0\xb7\x03\0\0\x10\0\0\0\x15\x01\x01\0\0\0\0\
\0\xb7\x03\0\0\x30\0\0\0\x71\xa4\x5d\xff\0\0\0\0\x15\x04\x01\0\0\0\0\0\xbf\x32\
\0\0\0\0\0\0\xbf\xa3\0\0\0\0\0\0\x07\x03\0\0\x64\xff\xff\xff\xbf\x34\0\0\0\0\0\
\0\x15\x01\x02\0\0\0\0\0\xbf\xa4\0\0\0\0\0\0\x07\x04\0\0\x84\xff\xff\xff\x71\
\xa5\x5c\xff\0\0\0\0\xbf\x31\0\0\0\0\0\0\x15\x05\x01\0\0\0\0\0\xbf\x41\0\0\0\0\
\0\0\x61\x14\x04\0\0\0\0\0\x67\x04\0\0\x20\0\0\0\x61\x15\0\0\0\0\0\0\x4f\x54\0\
\0\0\0\0\0\x7b\x4a\xa8\xff\0\0\0\0\x61\x14\x08\0\0\0\0\0\x61\x11\x0c\0\0\0\0\0\
\x67\x01\0\0\x20\0\0\0\x4f\x41\0\0\0\0\0\0\x7b\x1a\xb0\xff\0\0\0\0\x0f\x23\0\0\
\0\0\0\0\x61\x31\0\0\0\0\0\0\x61\x32\x04\0\0\0\0\0\x61\x34\x08\0\0\0\0\0\x61\
\x33\x0c\0\0\0\0\0\x69\xa5\x62\xff\0\0\0\0\x6b\x5a\xca\xff\0\0\0\0\x69\xa5\x60\
\xff\0\0\0\0\x6b\x5a\xc8\xff\0\0\0\0\x67\x03\0\0\x20\0\0\0\x4f\x43\0\0\0\0\0\0\
\x7b\x3a\xc0\xff\0\0\0\0\x67\x02\0\0\x20\0\0\0\x4f\x12\0\0\0\0\0\0\x7b\x2a\xb8\
\xff\0\0\0\0\x05\0\x6b\0\0\0\0\0\x71\xa2\x5a\xff\0\0\0\0\x15\x02\x04\0\0\0\0\0\
\xbf\x12\0\0\0\0\0\0\x57\x02\0\0\x04\0\0\0\x15\x02\x01\0\0\0\0\0\x05\0\xf8\xfe\
\0\0\0\0\x57\x01\0\0\x01\0\0\0\x15\x01\x78\xfe\0\0\0\0\x61\xa1\x64\xff\0\0\0\0\
\x63\x1a\xa8\xff\0\0\0\0\x61\xa1\x68\xff\0\0\0\0\x63\x1a\xac\xff\0\0\0\0\x05\0\
\x5e\0\0\0\0\0\xb7\x09\0\0\x3c\0\0\0\x79\xa7\x40\xff\0\0\0\0\x79\xa8\x48\xff\0\
\0\0\0\x67\0\0\0\x20\0\0\0\x77\0\0\0\x20\0\0\0\x15\0\xab\xff\0\0\0\0\x05\0\x6c\
\xfe\0\0\0\0\x71\xa2\x5a\xff\0\0\0\0\x15\x02\x25\0\0\0\0\0\xbf\x12\0\0\0\0\0\0\
\x57\x02\0\0\x20\0\0\0\x15\x02\x22\0\0\0\0\0\x57\x01\0\0\0\x01\0\0\xb7\x02\0\0\
\x10\0\0\0\xb7\x03\0\0\x10\0\0\0\x15\x01\x01\0\0\0\0\0\xb7\x03\0\0\x30\0\0\0\
\x71\xa4\x5d\xff\0\0\0\0\x15\x04\x01\0\0\0\0\0\xbf\x32\0\0\0\0\0\0\xbf\xa3\0\0\
\0\0\0\0\x07\x03\0\0\x64\xff\xff\xff\xbf\x34\0\0\0\0\0\0\x15\x01\x02\0\0\0\0\0\
\xbf\xa4\0\0\0\0\0\0\x07\x04\0\0\x84\xff\xff\xff\x71\xa5\x5c\xff\0\0\0\0\xbf\
\x31\0\0\0\0\0\0\x15\x05\xbc\xff\0\0\0\0\x05\0\xba\xff\0\0\0\0\xb7\x01\0\0\x01\
\0\0\0\x73\x1a\x5a\xff\0\0\0\0\xb7\x01\0\0\0\0\0\0\x7b\x1a\xd0\xff\0\0\0\0\xbf\
\xa3\0\0\0\0\0\0\x07\x03\0\0\xd0\xff\xff\xff\xbf\x71\0\0\0\0\0\0\xb7\x04\0\0\
\x08\0\0\0\xb7\x05\0\0\x01\0\0\0\x85\0\0\0\x44\0\0\0\x67\0\0\0\x20\0\0\0\x77\0\
\0\0\x20\0\0\0\x55\0\x48\xfe\0\0\0\0\x05\0\xb0\xfe\0\0\0\0\x15\x09\xf9\xfe\x87\
\0\0\0\x05\0\x83\xff\0\0\0\0\xbf\x12\0\0\0\0\0\0\x57\x02\0\0\x08\0\0\0\x15\x02\
\x42\xfe\0\0\0\0\x57\x01\0\0\x40\0\0\0\xb7\x02\0\0\x0c\0\0\0\xb7\x03\0\0\x0c\0\
\0\0\x15\x01\x01\0\0\0\0\0\xb7\x03\0\0\x2c\0\0\0\x71\xa4\x5c\xff\0\0\0\0\x15\
\x04\x01\0\0\0\0\0\xbf\x32\0\0\0\0\0\0\xbf\xa3\0\0\0\0\0\0\x07\x03\0\0\x58\xff\
\xff\xff\x0f\x23\0\0\0\0\0\0\x61\x32\x04\0\0\0\0\0\x67\x02\0\0\x20\0\0\0\x61\
\x34\0\0\0\0\0\0\x4f\x42\0\0\0\0\0\0\x7b\x2a\xa8\xff\0\0\0\0\x61\x32\x08\0\0\0\
\0\0\x61\x33\x0c\0\0\0\0\0\x67\x03\0\0\x20\0\0\0\x4f\x23\0\0\0\0\0\0\x7b\x3a\
\xb0\xff\0\0\0\0\x71\xa2\x5d\xff\0\0\0\0\x15\x02\x0c\0\0\0\0\0\x15\x01\x0b\0\0\
\0\0\0\x61\xa1\xa0\xff\0\0\0\0\x67\x01\0\0\x20\0\0\0\x61\xa2\x9c\xff\0\0\0\0\
\x4f\x21\0\0\0\0\0\0\x7b\x1a\xc0\xff\0\0\0\0\x61\xa1\x98\xff\0\0\0\0\x67\x01\0\
\0\x20\0\0\0\x61\xa2\x94\xff\0\0\0\0\x05\0\x0a\0\0\0\0\0\xb7\x09\0\0\x2b\0\0\0\
\x05\0\xaf\xff\0\0\0\0\x61\xa1\x80\xff\0\0\0\0\x67\x01\0\0\x20\0\0\0\x61\xa2\
\x7c\xff\0\0\0\0\x4f\x21\0\0\0\0\0\0\x7b\x1a\xc0\xff\0\0\0\0\x61\xa1\x78\xff\0\
\0\0\0\x67\x01\0\0\x20\0\0\0\x61\xa2\x74\xff\0\0\0\0\x4f\x21\0\0\0\0\0\0\x7b\
\x1a\xb8\xff\0\0\0\0\xb7\x02\0\0\0\0\0\0\xbf\x63\0\0\0\0\0\0\x07\x03\0\0\x0e\0\
\0\0\x61\x64\x0a\0\0\0\0\0\xb7\0\0\0\0\0\0\0\xbf\xa1\0\0\0\0\0\0\x07\x01\0\0\
\xa8\xff\xff\xff\x0f\x21\0\0\0\0\0\0\x71\x15\0\0\0\0\0\0\xbf\x51\0\0\0\0\0\0\
\x67\x01\0\0\x38\0\0\0\xc7\x01\0\0\x3f\0\0\0\x5f\x41\0\0\0\0\0\0\xaf\x01\0\0\0\
\0\0\0\xbf\x30\0\0\0\0\0\0\x0f\x20\0\0\0\0\0\0\x71\0\0\0\0\0\0\0\x67\x04\0\0\
\x01\0\0\0\xbf\x07\0\0\0\0\0\0\x77\x07\0\0\x07\0\0\0\x4f\x74\0\0\0\0\0\0\xbf\
\x57\0\0\0\0\0\0\x67\x07\0\0\x39\0\0\0\xc7\x07\0\0\x3f\0\0\0\x5f\x47\0\0\0\0\0\
\0\xaf\x71\0\0\0\0\0\0\xbf\x07\0\0\0\0\0\0\x77\x07\0\0\x06\0\0\0\x57\x07\0\0\
\x01\0\0\0\x67\x04\0\0\x01\0\0\0\x4f\x74\0\0\0\0\0\0\xbf\x57\0\0\0\0\0\0\x67\
\x07\0\0\x3a\0\0\0\xc7\x07\0\0\x3f\0\0\0\x5f\x47\0\0\0\0\0\0\xaf\x71\0\0\0\0\0\
\0\x67\x04\0\0\x01\0\0\0\xbf\x07\0\0\0\0\0\0\x77\x07\0\0\x05\0\0\0\x57\x07\0\0\
\x01\0\0\0\x4f\x74\0\0\0\0\0\0\xbf\x57\0\0\0\0\0\0\x67\x07\0\0\x3b\0\0\0\xc7\
\x07\0\0\x3f\0\0\0\x5f\x47\0\0\0\0\0\0\xaf\x71\0\0\0\0\0\0\x67\x04\0\0\x01\0\0\
\0\xbf\x07\0\0\0\0\0\0\x77\x07\0\0\x04\0\0\0\x57\x07\0\0\x01\0\0\0\x4f\x74\0\0\
\0\0\0\0\xbf\x57\0\0\0\0\0\0\x67\x07\0\0\x3c\0\0\0\xc7\x07\0\0\x3f\0\0\0\x5f\
\x47\0\0\0\0\0\0\xaf\x71\0\0\0\0\0\0\xbf\x07\0\0\0\0\0\0\x77\x07\0\0\x03\0\0\0\
\x57\x07\0\0\x01\0\0\0\x67\x04\0\0\x01\0\0\0\x4f\x74\0\0\0\0\0\0\xbf\x57\0\0\0\
\0\0\0\x67\x07\0\0\x3d\0\0\0\xc7\x07\0\0\x3f\0\0\0\x5f\x47\0\0\0\0\0\0\xaf\x71\
\0\0\0\0\0\0\xbf\x07\0\0\0\0\0\0\x77\x07\0\0\x02\0\0\0\x57\x07\0\0\x01\0\0\0\
\x67\x04\0\0\x01\0\0\0\x4f\x74\0\0\0\0\0\0\xbf\x57\0\0\0\0\0\0\x67\x07\0\0\x3e\
\0\0\0\xc7\x07\0\0\x3f\0\0\0\x5f\x47\0\0\0\0\0\0\xaf\x71\0\0\0\0\0\0\xbf\x07\0\
\0\0\0\0\0\x77\x07\0\0\x01\0\0\0\x57\x07\0\0\x01\0\0\0\x67\x04\0\0\x01\0\0\0\
\x4f\x74\0\0\0\0\0\0\x57\x05\0\0\x01\0\0\0\x87\x05\0\0\0\0\0\0\x5f\x45\0\0\0\0\
\0\0\xaf\x51\0\0\0\0\0\0\x57\0\0\0\x01\0\0\0\x67\x04\0\0\x01\0\0\0\x4f\x04\0\0\
\0\0\0\0\x07\x02\0\0\x01\0\0\0\xbf\x10\0\0\0\0\0\0\x15\x02\x01\0\x24\0\0\0\x05\
\0\xa9\xff\0\0\0\0\x67\x01\0\0\x20\0\0\0\x77\x01\0\0\x20\0\0\0\x15\x01\xb6\xfd\
\0\0\0\0\x71\x62\x06\0\0\0\0\0\x71\x63\x07\0\0\0\0\0\x67\x03\0\0\x08\0\0\0\x4f\
\x23\0\0\0\0\0\0\xbf\x12\0\0\0\0\0\0\x3f\x32\0\0\0\0\0\0\x2f\x32\0\0\0\0\0\0\
\x1f\x21\0\0\0\0\0\0\x25\x01\xad\xfd\x7f\0\0\0\x67\x01\0\0\x20\0\0\0\x77\x01\0\
\0\x20\0\0\0\x67\x01\0\0\x01\0\0\0\x0f\x16\0\0\0\0\0\0\x07\x06\0\0\x32\0\0\0\
\x05\0\xa8\xfd\0\0\0\0\0\0\0\0\0\0\0\0\0\0\0\0\0\0\0\0\0\0\0\0\0\0\0\0\0\0\0\0\
\0\0\0\0\0\0\0\0\0\0\0\0\x47\x50\x4c\x20\x76\x32\0\x9a\x04\0\0\x05\0\x08\0\x21\
\0\0\0\x84\0\0\0\xa4\0\0\0\xb2\0\0\0\xc8\0\0\0\xd5\0\0\0\xeb\0\0\0\xf5\0\0\0\
\xfe\0\0\0\x07\x01\0\0\x46\x01\0\0\x6b\x01\0\0\x81\x01\0\0\xbb\x01\0\0\xe1\x01\
\0\0\xf1\x01\0\0\x13\x02\0\0\x2b\x02\0\0\x87\x02\0\0\xa3\x02\0\0\xb2\x02\0\0\
\xc1\x02\0\0\xe9\x02\0\0\xf8\x02\0\0\x16\x03\0\0\x25\x03\0\0\x30\x03\0\0\x40\
\x03\0\0\x80\x03\0\0\x97\x03\0\0\xa2\x03\0\0\xec\x03\0\0\x35\x04\0\0\x8a\x04\0\
\0\x04\0\x08\x01\x51\x04\x08\x70\x01\x57\x04\xa0\x01\x80\x06\x01\x57\x04\xa8\
\x09\xe8\x0c\x01\x57\x04\xb8\x1c\xc8\x1c\x01\x57\0\x04\x10\x18\x02\x30\x9f\x04\
\x18\xb8\x26\x02\x7a\x2c\0\x04\x18\x70\x02\x30\x9f\x04\xa0\x01\xf0\x1f\x02\x30\
\x9f\x04\xf0\x24\xb0\x25\x01\x51\0\x04\x48\x78\x01\x56\x04\xa0\x01\xa8\x26\x01\
\x56\0\x04\xa8\x01\x80\x06\x01\x57\x04\xa8\x09\xe8\x0c\x01\x57\x04\xb8\x1c\xc8\
\x1c\x01\x57\0\x04\xd0\x01\xa8\x25\x03\x11\0\x9f\0\x04\xd0\x01\xa8\x25\x02\x30\
\x9f\0\x04\xd0\x01\xc8\x1f\x02\x30\x9f\0\x04\xa0\x02\x88\x05\x03\x11\0\x9f\x04\
\x88\x05\x90\x05\x01\x50\x04\xa0\x07\xa8\x07\x01\x50\x04\xa8\x09\xa8\x0a\x03\
\x11\0\x9f\x04\xa8\x0a\xb0\x0a\x01\x50\x04\xe0\x14\xf8\x14\x03\x11\0\x9f\x04\
\x80\x1a\x88\x1a\x01\x50\x04\x98\x1c\xa0\x1c\x01\x50\0\x04\xa0\x02\xd8\x07\x03\
\x7a\x30\x9f\x04\xa8\x09\x88\x15\x03\x7a\x30\x9f\x04\xf0\x19\x88\x1a\x03\x7a\
\x30\x9f\x04\xc8\x1b\xc8\x1c\x03\x7a\x30\x9f\0\x04\xa0\x02\x80\x06\x01\x57\x04\
\xa8\x09\xe8\x0c\x01\x57\x04\xb8\x1c\xc8\x1c\x01\x57\0\x04\xa8\x02\x80\x06\x02\
\x30\x9f\x04\xf0\x06\xa0\x07\x01\x52\x04\xa8\x09\xc8\x0b\x02\x30\x9f\x04\xc8\
\x0b\x88\x15\x03\x10\x28\x9f\x04\xf0\x19\x88\x1a\x03\x10\x28\x9f\x04\xe8\x1b\
\x98\x1c\x01\x52\x04\xb8\x1c\xc8\x1c\x03\x10\x28\x9f\0\x04\xa8\x02\xe8\x05\x02\
\x30\x9f\x04\x80\x06\xb0\x06\x01\x59\x04\xa8\x09\xc8\x0b\x02\x30\x9f\x04\xc8\
\x0b\xe8\x0c\x01\x59\x04\xb8\x1c\xc8\x1c\x01\x59\0\x04\xa8\x02\xb8\x03\x02\x3c\
\x9f\x04\xb8\x03\xe8\x03\x01\x52\0\x04\xa8\x02\xb0\x02\x02\x30\x9f\x04\xb0\x02\
\x90\x03\x03\x7a\xa8\x01\x04\x90\x03\xb8\x03\x01\x51\x04\xb8\x03\x88\x04\x03\
\x7a\xa8\x01\0\x04\xb0\x02\xe8\x02\x03\x11\0\x9f\x04\xe8\x02\xf0\x02\x01\x50\
\x04\xe8\x03\xf0\x03\x01\x50\0\x04\xc8\x0b\xa0\x0d\x03\x11\0\x9f\x04\xa0\x0d\
\xa8\x0d\x01\x50\x04\xa8\x0e\xe8\x0f\x01\x50\x04\x88\x10\x90\x10\x03\x11\0\x9f\
\x04\x90\x10\xb8\x10\x01\x50\x04\xb8\x10\x88\x11\x03\x11\0\x9f\x04\xa0\x11\xf0\
\x11\x03\x11\0\x9f\x04\xf0\x11\xb8\x13\x01\x50\x04\xc8\x13\xe0\x14\x03\x11\0\
\x9f\x04\xf8\x14\x88\x15\x03\x11\0\x9f\x04\xb8\x1c\xc8\x1c\x03\x11\0\x9f\0\x04\
\xc8\x0b\x88\x15\x03\x7a\x30\x9f\x04\xf0\x19\x88\x1a\x03\x7a\x30\x9f\x04\xb8\
\x1c\xc8\x1c\x03\x7a\x30\x9f\0\x04\xc8\x0b\xe8\x0c\x01\x57\x04\xb8\x1c\xc8\x1c\
\x01\x57\0\x04\xc8\x0b\xd0\x0b\x01\x59\x04\xb8\x1c\xc8\x1c\x01\x59\0\x04\xe8\
\x0c\xc0\x14\x02\x7a\x10\x04\xc0\x14\xc8\x14\x01\x51\x04\xc8\x14\xe0\x14\x02\
\x7a\x10\x04\xf8\x14\x88\x15\x02\x7a\x10\x04\xf0\x19\x88\x1a\x02\x7a\x10\0\x04\
\x90\x10\x98\x10\x01\x58\x04\xa0\x11\xa0\x13\x01\x58\0\x04\x88\x10\x90\x10\x02\
\x32\x9f\x04\x90\x10\x98\x10\x01\x57\x04\x98\x10\xb8\x10\x01\x51\x04\xa0\x11\
\xa0\x13\x01\x57\0\x04\xf0\x13\xf8\x13\x01\x59\x04\xf8\x14\x88\x15\x01\x59\0\
\x04\xd0\x19\xd8\x19\x04\x7a\x80\x01\x9f\0\x04\xd0\x1f\xf0\x1f\x02\x30\x9f\x04\
\xf0\x1f\xa8\x25\x01\x52\0\x04\xf0\x1f\xd8\x20\x01\x54\x04\xf0\x20\xb8\x21\x01\
\x54\x04\xc0\x21\xf0\x21\x01\x54\x04\x90\x22\xc0\x22\x01\x54\x04\xe0\x22\xa8\
\x23\x01\x54\x04\xb0\x23\xf8\x23\x01\x54\x04\x80\x24\xc8\x24\x01\x54\x04\xd0\
\x24\x80\x25\x01\x54\x04\x88\x25\xa8\x25\x01\x54\0\x04\xd0\x1f\xf0\x1f\x02\x30\
\x9f\x04\xf0\x1f\xb8\x20\x01\x50\x04\xb8\x20\xa8\x25\x01\x51\0\x04\xe8\x1f\xa8\
\x25\x04\x7a\x80\x01\x9f\0\x04\x90\x20\xf0\x20\x01\x55\x04\xf0\x20\xc0\x21\x05\
\x75\0\x31\x24\x9f\x04\xc0\x21\x90\x22\x05\x75\0\x32\x24\x9f\x04\x90\x22\xe0\
\x22\x05\x75\0\x33\x24\x9f\x04\xe0\x22\xb0\x23\x05\x75\0\x34\x24\x9f\x04\xb0\
\x23\x80\x24\x05\x75\0\x35\x24\x9f\x04\x80\x24\xd8\x24\x05\x75\0\x36\x24\x9f\0\
\x04\xa0\x20\xf0\x20\x02\x30\x9f\x04\xf0\x20\xc0\x21\x02\x31\x9f\x04\xc0\x21\
\x90\x22\x02\x32\x9f\x04\x90\x22\xe0\x22\x02\x33\x9f\x04\xe0\x22\xb0\x23\x02\
\x34\x9f\x04\xb0\x23\x80\x24\x02\x35\x9f\x04\x80\x24\xd0\x24\x02\x36\x9f\x04\
\xd0\x24\x88\x25\x02\x37\x9f\x04\x88\x25\xa8\x25\x02\x38\x9f\0\x04\xd0\x20\xf0\
\x20\x01\x50\x04\xf0\x20\xc0\x21\x05\x70\0\x31\x24\x9f\x04\xc0\x21\x90\x22\x05\
\x70\0\x32\x24\x9f\x04\x90\x22\xe0\x22\x05\x70\0\x33\x24\x9f\x04\xe0\x22\xb0\
\x23\x05\x70\0\x34\x24\x9f\x04\xb0\x23\x80\x24\x05\x70\0\x35\x24\x9f\x04\x80\
\x24\xd0\x24\x05\x70\0\x36\x24\x9f\x04\xd0\x24\xf8\x24\x05\x70\0\x37\x24\x9f\0\
\x04\x80\x26\x90\x26\x01\x51\0\x01\x11\x01\x25\x25\x13\x05\x03\x25\x72\x17\x10\
\x17\x1b\x25\x11\x1b\x12\x06\x73\x17\x74\x17\x8c\x01\x17\0\0\x02\x34\0\x03\x25\
\x49\x13\x3f\x19\x3a\x0b\x3b\x05\x02\x18\0\0\x03\x01\x01\x49\x13\0\0\x04\x21\0\
\x49\x13\x37\x0b\0\0\x05\x24\0\x03\x25\x3e\x0b\x0b\x0b\0\0\x06\x24\0\x03\x25\
\x0b\x0b\x3e\x0b\0\0\x07\x34\0\x03\x25\x49\x13\x3f\x19\x3a\x0b\x3b\x0b\x02\x18\
\0\0\x08\x13\x01\x0b\x0b\x3a\x0b\x3b\x0b\0\0\x09\x0d\0\x03\x25\x49\x13\x3a\x0b\
\x3b\x0b\x38\x0b\0\0\x0a\x0f\0\x49\x13\0\0\x0b\x21\0\x49\x13\x37\x05\0\0\x0c\
\x34\0\x03\x25\x49\x13\x3a\x0b\x3b\x0b\0\0\x0d\x15\x01\x49\x13\x27\x19\0\0\x0e\
\x05\0\x49\x13\0\0\x0f\x0f\0\0\0\x10\x26\0\0\0\x11\x34\0\x03\x25\x49\x13\x3a\
\x0b\x3b\x05\0\0\x12\x16\0\x49\x13\x03\x25\x3a\x0b\x3b\x0b\0\0\x13\x04\x01\x49\
\x13\x03\x25\x0b\x0b\x3a\x0b\x3b\x05\0\0\x14\x28\0\x03\x25\x1c\x0f\0\0\x15\x04\
\x01\x49\x13\x0b\x0b\x3a\x0b\x3b\x0b\0\0\x16\x2e\x01\x03\x25\x3a\x0b\x3b\x05\
\x27\x19\x49\x13\x20\x21\x01\0\0\x17\x05\0\x03\x25\x3a\x0b\x3b\x05\x49\x13\0\0\
\x18\x34\0\x03\x25\x3a\x0b\x3b\x05\x49\x13\0\0\x19\x13\x01\x03\x25\x0b\x0b\x3a\
\x0b\x3b\x05\0\0\x1a\x0d\0\x03\x25\x49\x13\x3a\x0b\x3b\x05\x38\x0b\0\0\x1b\x0d\
\0\x49\x13\x3a\x0b\x3b\x05\x88\x01\x0f\x38\x0b\0\0\x1c\x17\x01\x0b\x0b\x3a\x0b\
\x3b\x05\x88\x01\x0f\0\0\x1d\x0d\0\x49\x13\x3a\x0b\x3b\x05\x38\x0b\0\0\x1e\x17\
\x01\x0b\x0b\x3a\x0b\x3b\x05\0\0\x1f\x13\x01\x0b\x0b\x3a\x0b\x3b\x05\0\0\x20\
\x13\x01\x03\x25\x0b\x05\x3a\x0b\x3b\x0b\0\0\x21\x13\x01\x03\x25\x0b\x0b\x3a\
\x0b\x3b\x0b\0\0\x22\x0d\0\x49\x13\x3a\x0b\x3b\x0b\x38\x0b\0\0\x23\x17\x01\x0b\
\x0b\x3a\x0b\x3b\x0b\0\0\x24\x0a\0\x03\x25\x3a\x0b\x3b\x05\0\0\x25\x0b\x01\0\0\
\x26\x0d\0\x03\x25\x49\x13\x3a\x0b\x3b\x0b\x0b\x0b\x0d\x0b\x0c\x0b\x38\x0b\0\0\
\x27\x2e\x01\x03\x25\x3a\x0b\x3b\x0b\x27\x19\x49\x13\x20\x21\x01\0\0\x28\x05\0\
\x03\x25\x3a\x0b\x3b\x0b\x49\x13\0\0\x29\x34\0\x03\x25\x3a\x0b\x3b\x0b\x49\x13\
\0\0\x2a\x0a\0\x03\x25\x3a\x0b\x3b\x0b\0\0\x2b\x2e\x01\0\0\x2c\x2e\x01\x03\x25\
\x3a\x0b\x3b\x0b\x27\x19\x20\x21\x01\0\0\x2d\x2e\x01\x11\x1b\x12\x06\x40\x18\
\x7a\x19\x03\x25\x3a\x0b\x3b\x05\x27\x19\x49\x13\x3f\x19\0\0\x2e\x05\0\x02\x22\
\x03\x25\x3a\x0b\x3b\x05\x49\x13\0\0\x2f\x34\0\x02\x22\x03\x25\x3a\x0b\x3b\x05\
\x49\x13\0\0\x30\x1d\x01\x31\x13\x11\x1b\x12\x06\x58\x0b\x59\x05\x57\x0b\0\0\
\x31\x05\0\x02\x22\x31\x13\0\0\x32\x05\0\x02\x18\x31\x13\0\0\x33\x34\0\x02\x18\
\x31\x13\0\0\x34\x34\0\x02\x22\x31\x13\0\0\x35\x1d\x01\x31\x13\x55\x23\x58\x0b\
\x59\x05\x57\x0b\0\0\x36\x0b\x01\x11\x1b\x12\x06\0\0\x37\x0b\x01\x55\x23\0\0\
\x38\x1d\x01\x31\x13\x55\x23\x58\x0b\x59\x0b\x57\x0b\0\0\x39\x05\0\x1c\x0f\x31\
\x13\0\0\0\xda\x0c\0\0\x05\0\x01\x08\0\0\0\0\x01\0\x0c\0\x01\x08\0\0\0\0\0\0\0\
\x02\x02\x38\x13\0\0\x08\0\0\0\x0c\0\0\0\x0c\0\0\0\x02\x03\x37\0\0\0\0\x2b\x02\
\x02\xa1\0\x03\x43\0\0\0\x04\x47\0\0\0\x07\0\x05\x04\x06\x01\x06\x05\x08\x07\
\x07\x06\x56\0\0\0\0\x59\x02\xa1\x01\x08\x28\0\x53\x09\x07\x88\0\0\0\0\x54\0\
\x09\x09\x9d\0\0\0\0\x55\x08\x09\x0a\xae\0\0\0\0\x56\x10\x09\x0b\xc0\0\0\0\0\
\x57\x18\x09\x0c\xd1\0\0\0\0\x58\x20\0\x0a\x8d\0\0\0\x03\x99\0\0\0\x04\x47\0\0\
\0\x02\0\x05\x08\x05\x04\x0a\xa2\0\0\0\x03\x99\0\0\0\x04\x47\0\0\0\x04\0\x0a\
\xb3\0\0\0\x03\x99\0\0\0\x0b\x47\0\0\0\x32\x01\0\x0a\xc5\0\0\0\x03\x99\0\0\0\
\x04\x47\0\0\0\x01\0\x0a\xd6\0\0\0\x03\x99\0\0\0\x0b\x47\0\0\0\0\x04\0\x0c\x0d\
\xeb\0\0\0\x01\x37\x0a\xf0\0\0\0\x0d\0\x01\0\0\x0e\0\x01\0\0\x0e\x01\x01\0\0\0\
\x0f\x0a\x06\x01\0\0\x10\x11\x0e\x10\x01\0\0\x01\x09\x07\x0a\x15\x01\0\0\x0d\
\x34\x01\0\0\x0e\x01\x01\0\0\x0e\x38\x01\0\0\x0e\0\x01\0\0\x0e\x38\x01\0\0\x0e\
\x38\x01\0\0\0\x05\x0f\x05\x08\x12\x40\x01\0\0\x11\x02\x1b\x05\x10\x07\x04\x13\
\x40\x01\0\0\x14\x04\x03\x7e\x15\x14\x12\0\x14\x13\x01\0\x15\x40\x01\0\0\x04\
\x04\x1c\x14\x15\0\x14\x16\x01\x14\x17\x02\x14\x18\x04\x14\x19\x06\x14\x1a\x08\
\x14\x1b\x0c\x14\x1c\x11\x14\x1d\x16\x14\x1e\x1d\x14\x1f\x21\x14\x20\x29\x14\
\x21\x2e\x14\x22\x2f\x14\x23\x32\x14\x24\x33\x14\x25\x5c\x14\x26\x5e\x14\x27\
\x62\x14\x28\x67\x14\x29\x6c\x14\x2a\x84\x01\x14\x2b\x88\x01\x14\x2c\x89\x01\
\x14\x2d\x8f\x01\x14\x2e\xff\x01\x14\x2f\x86\x02\x14\x30\x87\x02\0\x12\xc1\x01\
\0\0\x32\x02\x18\x05\x31\x07\x02\x16\x33\0\x73\x01\x38\x01\0\0\x17\x34\0\x73\
\x01\x0e\x02\0\0\x17\x7a\0\x74\x01\x49\x05\0\0\x18\x86\0\x76\x01\xac\x05\0\0\
\x18\x87\0\x7a\x01\xc4\x05\0\0\x18\x9b\0\x79\x01\x99\0\0\0\x18\x9c\0\x78\x01\
\x38\x01\0\0\x18\x9d\0\x77\x01\xcb\x06\0\0\0\x0a\x13\x02\0\0\x19\x79\xc0\x03\
\xa7\x15\x1a\x35\x38\x01\0\0\x03\xa8\x15\0\x1a\x36\x38\x01\0\0\x03\xa9\x15\x04\
\x1a\x37\x38\x01\0\0\x03\xaa\x15\x08\x1a\x38\x38\x01\0\0\x03\xab\x15\x0c\x1a\
\x39\x38\x01\0\0\x03\xac\x15\x10\x1a\x3a\x38\x01\0\0\x03\xad\x15\x14\x1a\x3b\
\x38\x01\0\0\x03\xae\x15\x18\x1a\x3c\x38\x01\0\0\x03\xaf\x15\x1c\x1a\x3d\x38\
\x01\0\0\x03\xb0\x15\x20\x1a\x3e\x38\x01\0\0\x03\xb1\x15\x24\x1a\x3f\x38\x01\0\
\0\x03\xb2\x15\x28\x1a\x40\x38\x01\0\0\x03\xb3\x15\x2c\x1a\x41\x90\x03\0\0\x03\
\xb4\x15\x30\x1a\x42\x38\x01\0\0\x03\xb5\x15\x44\x1a\x43\x38\x01\0\0\x03\xb6\
\x15\x48\x1a\x44\x38\x01\0\0\x03\xb7\x15\x4c\x1a\x45\x38\x01\0\0\x03\xb8\x15\
\x50\x1a\x46\x38\x01\0\0\x03\xb9\x15\x54\x1a\x47\x38\x01\0\0\x03\xbc\x15\x58\
\x1a\x48\x38\x01\0\0\x03\xbd\x15\x5c\x1a\x49\x38\x01\0\0\x03\xbe\x15\x60\x1a\
\x4a\x9c\x03\0\0\x03\xbf\x15\x64\x1a\x4b\x9c\x03\0\0\x03\xc0\x15\x74\x1a\x4c\
\x38\x01\0\0\x03\xc1\x15\x84\x1a\x4d\x38\x01\0\0\x03\xc2\x15\x88\x1a\x4e\x38\
\x01\0\0\x03\xc5\x15\x8c\x1b\x27\x03\0\0\x03\xc6\x15\x08\x90\x1c\x08\x03\xc6\
\x15\x08\x1a\x4f\xa8\x03\0\0\x03\xc6\x15\0\0\x1a\x65\x9d\x04\0\0\x03\xc7\x15\
\x98\x1a\x68\x38\x01\0\0\x03\xc8\x15\xa0\x1a\x69\x38\x01\0\0\x03\xc9\x15\xa4\
\x1b\x60\x03\0\0\x03\xca\x15\x08\xa8\x1c\x08\x03\xca\x15\x08\x1a\x6a\xa9\x04\0\
\0\x03\xca\x15\0\0\x1a\x76\x38\x01\0\0\x03\xcb\x15\xb0\x1a\x77\x81\x04\0\0\x03\
\xcc\x15\xb4\x1a\x78\x9d\x04\0\0\x03\xce\x15\xb8\0\x03\x38\x01\0\0\x04\x47\0\0\
\0\x05\0\x03\x38\x01\0\0\x04\x47\0\0\0\x04\0\x0a\xad\x03\0\0\x19\x64\x38\x03\
\x28\x19\x1a\x50\xb9\x01\0\0\x03\x29\x19\0\x1a\x51\xb9\x01\0\0\x03\x2a\x19\x02\
\x1a\x52\xb9\x01\0\0\x03\x2b\x19\x04\x1a\x53\x81\x04\0\0\x03\x2c\x19\x06\x1a\
\x56\x81\x04\0\0\x03\x2d\x19\x07\x1a\x57\x81\x04\0\0\x03\x2e\x19\x08\x1a\x58\
\x81\x04\0\0\x03\x2f\x19\x09\x1a\x59\x8d\x04\0\0\x03\x30\x19\x0a\x1a\x5b\x8d\
\x04\0\0\x03\x31\x19\x0c\x1a\x5c\x8d\x04\0\0\x03\x32\x19\x0e\x1d\x20\x04\0\0\
\x03\x33\x19\x10\x1e\x20\x03\x33\x19\x1d\x2e\x04\0\0\x03\x34\x19\0\x1f\x08\x03\
\x34\x19\x1a\x5d\x95\x04\0\0\x03\x35\x19\0\x1a\x5f\x95\x04\0\0\x03\x36\x19\x04\
\0\x1d\x51\x04\0\0\x03\x38\x19\0\x1f\x20\x03\x38\x19\x1a\x60\x9c\x03\0\0\x03\
\x39\x19\0\x1a\x61\x9c\x03\0\0\x03\x3a\x19\x10\0\0\x1a\x62\x38\x01\0\0\x03\x3d\
\x19\x30\x1a\x63\x95\x04\0\0\x03\x3e\x19\x34\0\x12\x89\x04\0\0\x55\x02\x15\x05\
\x54\x08\x01\x12\xb9\x01\0\0\x5a\x05\x1c\x12\x38\x01\0\0\x5e\x05\x1e\x12\xa5\
\x04\0\0\x67\x02\x1f\x05\x66\x07\x08\x0a\xae\x04\0\0\x19\x75\x50\x03\x03\x16\
\x1a\x6b\x38\x01\0\0\x03\x04\x16\0\x1a\x47\x38\x01\0\0\x03\x05\x16\x04\x1a\x07\
\x38\x01\0\0\x03\x06\x16\x08\x1a\x39\x38\x01\0\0\x03\x07\x16\x0c\x1a\x37\x38\
\x01\0\0\x03\x08\x16\x10\x1a\x3d\x38\x01\0\0\x03\x09\x16\x14\x1a\x6c\x38\x01\0\
\0\x03\x0b\x16\x18\x1a\x6d\x9c\x03\0\0\x03\x0c\x16\x1c\x1a\x6e\x38\x01\0\0\x03\
\x0d\x16\x2c\x1a\x6f\x8d\x04\0\0\x03\x0e\x16\x30\x1a\x70\x38\x01\0\0\x03\x10\
\x16\x34\x1a\x71\x9c\x03\0\0\x03\x11\x16\x38\x1a\x72\x38\x01\0\0\x03\x12\x16\
\x48\x1a\x73\x41\x05\0\0\x03\x13\x16\x4c\0\x12\x99\0\0\0\x74\x02\x1a\x0a\x4e\
\x05\0\0\x20\x85\x32\x01\0\x47\x09\x7b\x81\x04\0\0\0\x48\0\x09\x7c\x81\x04\0\0\
\0\x49\x01\x09\x7d\x38\x01\0\0\0\x4a\x02\x09\x7e\xb9\x01\0\0\0\x4b\x06\x09\x7f\
\xb9\x01\0\0\0\x4c\x08\x09\x80\x94\x05\0\0\0\x4e\x0a\x09\x84\xb8\x05\0\0\0\x50\
\x32\0\x21\x83\x28\0\x42\x09\x81\x38\x01\0\0\0\x43\0\x09\x82\xac\x05\0\0\0\x44\
\x04\0\x03\x81\x04\0\0\x04\x47\0\0\0\x24\0\x03\xb9\x01\0\0\x04\x47\0\0\0\x80\0\
\x21\x9a\x4c\0\x27\x09\x88\x81\x04\0\0\0\x28\0\x09\x89\x81\x04\0\0\0\x29\x01\
\x09\x8a\x81\x04\0\0\0\x2a\x02\x09\x8b\x81\x04\0\0\0\x2b\x03\x09\x8c\x81\x04\0\
\0\0\x2c\x04\x09\x8d\x81\x04\0\0\0\x2d\x05\x09\x8e\x81\x04\0\0\0\x2e\x06\x09\
\x6e\xb9\x01\0\0\0\x30\x08\x09\x6f\xb9\x01\0\0\0\x31\x0a\x22\x22\x06\0\0\0\x33\
\x0c\x23\x40\0\x33\x22\x2e\x06\0\0\0\x34\0\x08\x08\0\x34\x09\x8f\x95\x04\0\0\0\
\x35\0\x09\x90\x95\x04\0\0\0\x36\x04\0\x22\x4d\x06\0\0\0\x39\0\x08\x40\0\x39\
\x09\x91\x78\x06\0\0\0\x3a\0\x09\x97\x78\x06\0\0\0\x3b\x10\x09\x98\x78\x06\0\0\
\0\x3c\x20\x09\x99\x78\x06\0\0\0\x3d\x30\0\0\0\x21\x96\x10\x06\x21\x09\x92\x86\
\x06\0\0\x06\x28\0\x23\x10\x06\x22\x09\x93\xa7\x06\0\0\x06\x23\0\x09\x94\xb3\
\x06\0\0\x06\x25\0\x09\x95\xbf\x06\0\0\x06\x26\0\0\0\x03\x81\x04\0\0\x04\x47\0\
\0\0\x10\0\x03\x8d\x04\0\0\x04\x47\0\0\0\x08\0\x03\x95\x04\0\0\x04\x47\0\0\0\
\x04\0\x12\xd3\x06\0\0\x9f\x07\x2e\x05\x9e\x07\x08\x16\xa0\0\x1a\x01\x99\0\0\0\
\x17\x34\0\x1a\x01\x0e\x02\0\0\x17\xa1\0\x1b\x01\x48\x07\0\0\x18\x9b\0\x1d\x01\
\x99\0\0\0\x18\xa2\0\x23\x01\xcb\x06\0\0\x18\xa3\0\x24\x01\x81\x04\0\0\x18\xa4\
\0\x25\x01\xb9\x01\0\0\x24\xa5\0\x6f\x01\x25\x18\xa6\0\x2e\x01\x4d\x07\0\0\0\
\x25\x18\xb3\0\x3e\x01\xc4\x07\0\0\0\x25\x18\xb9\0\x55\x01\x24\x08\0\0\0\x25\
\x18\xcb\0\x61\x01\xe1\x08\0\0\0\0\x0a\xc4\x05\0\0\x21\xb2\x14\x08\x56\x26\xa7\
\x81\x04\0\0\x08\x58\x01\x04\x04\0\x26\xa8\x81\x04\0\0\x08\x59\x01\x04\0\0\x09\
\xa9\x81\x04\0\0\x08\x60\x01\x09\xaa\x8d\x04\0\0\x08\x61\x02\x09\xab\x8d\x04\0\
\0\x08\x62\x04\x09\xac\x8d\x04\0\0\x08\x63\x06\x09\xad\x81\x04\0\0\x08\x64\x08\
\x09\x39\x81\x04\0\0\x08\x65\x09\x09\xae\xbc\x07\0\0\x08\x66\x0a\x09\xb0\x95\
\x04\0\0\x08\x67\x0c\x09\xb1\x95\x04\0\0\x08\x68\x10\0\x12\xb9\x01\0\0\xaf\x05\
\x22\x21\xb8\x28\x09\x75\x26\x3d\x81\x04\0\0\x09\x77\x01\x04\x04\0\x26\xa8\x81\
\x04\0\0\x09\x78\x01\x04\0\0\x09\xb4\x18\x08\0\0\x09\x7f\x01\x09\xb5\x8d\x04\0\
\0\x09\x81\x04\x09\xb6\x81\x04\0\0\x09\x82\x06\x09\xb7\x81\x04\0\0\x09\x83\x07\
\x09\xb0\x78\x06\0\0\x09\x85\x08\x09\xb1\x78\x06\0\0\x09\x86\x18\0\x03\x81\x04\
\0\0\x04\x47\0\0\0\x03\0\x21\xca\x14\x0a\x19\x09\xba\x8d\x04\0\0\x0a\x1a\0\x09\
\xbb\x8d\x04\0\0\x0a\x1b\x02\x09\xbc\x95\x04\0\0\x0a\x1c\x04\x09\xbd\x95\x04\0\
\0\x0a\x1d\x08\x26\xbe\xb9\x01\0\0\x0a\x1f\x02\x04\x0c\x0c\x26\xbf\xb9\x01\0\0\
\x0a\x20\x02\x04\x08\x0c\x26\xc0\xb9\x01\0\0\x0a\x21\x02\x01\x07\x0c\x26\xc1\
\xb9\x01\0\0\x0a\x22\x02\x01\x06\x0c\x26\xc2\xb9\x01\0\0\x0a\x23\x02\x01\x05\
\x0c\x26\xc3\xb9\x01\0\0\x0a\x24\x02\x01\x04\x0c\x26\xc4\xb9\x01\0\0\x0a\x25\
\x02\x01\x03\x0c\x26\xc5\xb9\x01\0\0\x0a\x26\x02\x01\x02\x0c\x26\xc6\xb9\x01\0\
\0\x0a\x27\x02\x01\x01\x0c\x26\xc7\xb9\x01\0\0\x0a\x28\x02\x01\0\x0c\x09\xc8\
\x8d\x04\0\0\x0a\x37\x0e\x09\xae\xbc\x07\0\0\x0a\x38\x10\x09\xc9\x8d\x04\0\0\
\x0a\x39\x12\0\x21\xcc\x08\x0b\x17\x09\xba\x8d\x04\0\0\x0b\x18\0\x09\xbb\x8d\
\x04\0\0\x0b\x19\x02\x09\x35\x8d\x04\0\0\x0b\x1a\x04\x09\xae\xbc\x07\0\0\x0b\
\x1b\x06\0\x27\xcd\0\xfc\x8d\x04\0\0\x28\x34\0\xfc\x0e\x02\0\0\x29\xce\0\xfe\
\x40\x01\0\0\x29\xcf\0\xff\x8d\x04\0\0\x18\x9b\0\0\x01\x99\0\0\0\0\x27\xd0\0\
\x81\x99\0\0\0\x28\xd1\0\x81\x81\x04\0\0\0\x27\xd2\0\x9b\x99\0\0\0\x28\x34\0\
\x9b\x0e\x02\0\0\x28\xa1\0\x9c\x48\x07\0\0\x28\xa3\0\x9d\xb3\x09\0\0\x28\xa2\0\
\x9d\xb8\x09\0\0\x29\xd3\0\xa5\xbd\x09\0\0\x29\x9b\0\x9f\x99\0\0\0\x2a\xa5\0\
\xf8\x25\x29\xd6\0\xa7\x40\x01\0\0\x25\x29\xd7\0\xb0\xd5\x09\0\0\0\x25\x29\xda\
\0\xcb\0\x0a\0\0\x29\xdd\0\xcd\xcb\x06\0\0\x25\x29\xde\0\xcf\x40\x01\0\0\0\0\0\
\0\x0a\x81\x04\0\0\x0a\xcb\x06\0\0\x21\xd5\x02\x09\x3e\x09\xb6\x81\x04\0\0\x09\
\x3f\0\x09\xd4\x81\x04\0\0\x09\x40\x01\0\x21\xd9\x04\x09\x31\x09\xb6\x81\x04\0\
\0\x09\x32\0\x09\xd4\x81\x04\0\0\x09\x33\x01\x09\x07\x81\x04\0\0\x09\x34\x02\
\x09\xd8\x81\x04\0\0\x09\x35\x03\0\x2b\x21\xdc\x02\0\xc8\x09\x07\x81\x04\0\0\0\
\xc9\0\x09\xdb\x81\x04\0\0\0\xca\x01\0\0\x2c\xdf\0\x5b\x28\x86\0\x5b\xb3\x09\0\
\0\x28\x9d\0\x5b\xb8\x09\0\0\x28\xe0\0\x5c\x01\x01\0\0\x28\xe1\0\x5c\xcb\x06\0\
\0\0\x2c\xe2\0\x62\x28\x9c\0\x62\x95\x0a\0\0\x28\xe3\0\x63\xb3\x09\0\0\x28\x35\
\0\x64\x38\x01\0\0\x28\xe4\0\x65\x9a\x0a\0\0\x29\xe5\0\x69\x38\x01\0\0\x29\x81\
\0\x68\x38\x01\0\0\x29\xe6\0\x67\x38\x01\0\0\x25\x29\xe7\0\x6c\x81\x04\0\0\x29\
\xe8\0\x6e\x81\x04\0\0\x29\xe9\0\x6d\x81\x04\0\0\0\0\x0a\x38\x01\0\0\x0a\x94\
\x05\0\0\x2d\x02\x38\x13\0\0\x01\x5a\xea\0\x0c\x02\x99\0\0\0\x2e\0\x34\0\x0c\
\x02\x0e\x02\0\0\x2f\x01\xe4\0\x11\x02\x38\x01\0\0\x2f\x02\x42\0\x12\x02\x38\
\x01\0\0\x2f\x03\x7a\0\x0f\x02\x49\x05\0\0\x30\xc5\x01\0\0\x03\0\x12\0\0\0\x1b\
\x02\x10\x31\x04\xce\x01\0\0\x32\x01\x56\xd7\x01\0\0\x33\x03\x91\x80\x01\xe0\
\x01\0\0\x33\x02\x91\x30\xe9\x01\0\0\x34\x05\xf2\x01\0\0\x34\x06\xfb\x01\0\0\
\x34\x07\x04\x02\0\0\x35\xd7\x06\0\0\0\0\x7c\x01\x0b\x31\x0a\xe0\x06\0\0\x31\
\x09\xe9\x06\0\0\x34\x08\xf2\x06\0\0\x34\x0b\xfb\x06\0\0\x34\x0c\x04\x07\0\0\
\x35\x0b\x09\0\0\x01\0\x25\x01\x19\x32\x01\x57\x13\x09\0\0\x34\x0d\x1b\x09\0\0\
\x34\x0e\x23\x09\0\0\x34\x0f\x2b\x09\0\0\0\x36\x04\xd8\0\0\0\x33\x03\x91\xa8\
\x01\x1c\x07\0\0\0\x37\x02\x33\x03\x91\xa8\x01\x27\x07\0\0\x35\x46\x09\0\0\x03\
\0\x4b\x01\x0f\x31\x12\x4e\x09\0\0\x31\x11\x56\x09\0\0\x33\x03\x91\xd6\x01\x6e\
\x09\0\0\x34\x10\x76\x09\0\0\x38\x35\x09\0\0\x04\0\xa1\x0a\x31\x13\x3d\x09\0\0\
\0\x37\x05\x34\x14\x83\x09\0\0\x36\x05\x08\x01\0\0\x33\x03\x91\xd0\x01\x8c\x09\
\0\0\0\x36\x06\xa0\x01\0\0\x33\x03\x91\xd0\x01\x96\x09\0\0\x34\x16\x9e\x09\0\0\
\x37\x06\x34\x15\xa7\x09\0\0\0\0\x38\x35\x09\0\0\x07\0\xf2\x0e\x31\x17\x3d\x09\
\0\0\0\0\0\0\x36\x07\x70\0\0\0\x33\x03\x91\xa8\x01\x32\x07\0\0\0\x36\x08\x60\0\
\0\0\x33\x03\x91\xa8\x01\x3d\x07\0\0\0\0\x30\x19\x0a\0\0\x09\x10\0\0\0\0\xa1\
\x01\x0d\x32\x05\x91\x30\x23\x0c\x9f\x2d\x0a\0\0\x39\x04\x35\x0a\0\0\0\x30\x19\
\x0a\0\0\x0a\x18\0\0\0\0\xa4\x01\x0d\x31\x18\x1d\x0a\0\0\x39\x04\x35\x0a\0\0\0\
\x30\x19\x0a\0\0\x0b\x48\0\0\0\0\xf8\x01\x11\x39\x10\x35\x0a\0\0\0\x30\x19\x0a\
\0\0\x0c\x40\0\0\0\0\xfc\x01\x11\x39\x10\x35\x0a\0\0\0\x30\x3e\x0a\0\0\x0d\xd8\
\x02\0\0\0\x04\x02\x09\x31\x1c\x4a\x0a\0\0\x32\x03\x76\x0a\x9f\x5a\x0a\0\0\x34\
\x19\x62\x0a\0\0\x34\x1a\x6a\x0a\0\0\x34\x1b\x72\x0a\0\0\x36\x0e\x88\x02\0\0\
\x34\x1d\x7b\x0a\0\0\x34\x1e\x83\x0a\0\0\x34\x1f\x8b\x0a\0\0\0\0\0\x36\x0f\x78\
\0\0\0\x2f\x20\xeb\0\x1d\x02\x38\x01\0\0\0\0\0\x94\0\0\0\x05\0\x08\0\x08\0\0\0\
\x20\0\0\0\x35\0\0\0\x40\0\0\0\x50\0\0\0\x60\0\0\0\x6b\0\0\0\x76\0\0\0\x81\0\0\
\0\x04\xa0\x02\xd8\x07\x04\xb0\x09\x88\x15\x04\xf0\x19\x88\x1a\x04\xd0\x1b\xc8\
\x1c\0\x04\xa8\x02\xb8\x02\x04\xc0\x02\x88\x04\0\x04\xb0\x09\x88\x15\x04\xf0\
\x19\x80\x1a\x04\xb8\x1c\xc8\x1c\0\x04\xc8\x0b\x88\x15\x04\xf0\x19\x80\x1a\x04\
\xb8\x1c\xc8\x1c\0\x04\xc8\x0b\xd0\x0b\x04\xb8\x1c\xc8\x1c\0\x04\xf0\x0c\x88\
\x15\x04\xf0\x19\x80\x1a\0\x04\x90\x10\xc0\x11\x04\xc8\x11\xa0\x13\0\x04\xf0\
\x13\xf8\x13\x04\xf8\x14\x88\x15\0\xb4\x03\0\0\x05\0\0\0\0\0\0\0\x15\0\0\0\x1f\
\0\0\0\x45\0\0\0\x4e\0\0\0\x53\0\0\0\x67\0\0\0\x82\0\0\0\x87\0\0\0\x8b\0\0\0\
\x94\0\0\0\x9f\0\0\0\xab\0\0\0\xb5\0\0\0\xc9\0\0\0\xe5\0\0\0\xea\0\0\0\xf7\0\0\
\0\xfd\0\0\0\x0f\x01\0\0\x21\x01\0\0\x33\x01\0\0\x3e\x01\0\0\x4b\x01\0\0\x58\
\x01\0\0\x65\x01\0\0\x71\x01\0\0\x7d\x01\0\0\x89\x01\0\0\x95\x01\0\0\xa1\x01\0\
\0\xac\x01\0\0\xb9\x01\0\0\xc6\x01\0\0\xd3\x01\0\0\xdf\x01\0\0\xeb\x01\0\0\xf6\
\x01\0\0\x02\x02\0\0\x11\x02\0\0\x1f\x02\0\0\x2b\x02\0\0\x38\x02\0\0\x45\x02\0\
\0\x55\x02\0\0\x62\x02\0\0\x73\x02\0\0\x7f\x02\0\0\x8d\x02\0\0\x99\x02\0\0\xa8\
\x02\0\0\xae\x02\0\0\xc1\x02\0\0\xc5\x02\0\0\xc9\x02\0\0\xd2\x02\0\0\xd7\x02\0\
\0\xe5\x02\0\0\xee\x02\0\0\xfb\x02\0\0\x04\x03\0\0\x0f\x03\0\0\x18\x03\0\0\x28\
\x03\0\0\x30\x03\0\0\x39\x03\0\0\x3c\x03\0\0\x41\x03\0\0\x4c\x03\0\0\x51\x03\0\
\0\x5a\x03\0\0\x62\x03\0\0\x69\x03\0\0\x74\x03\0\0\x7e\x03\0\0\x89\x03\0\0\x93\
\x03\0\0\x9f\x03\0\0\xaa\x03\0\0\xb4\x03\0\0\xbe\x03\0\0\xc4\x03\0\0\xca\x03\0\
\0\xd5\x03\0\0\xdd\x03\0\0\xeb\x03\0\0\xf0\x03\0\0\xfe\x03\0\0\x07\x04\0\0\x10\
\x04\0\0\x18\x04\0\0\x1f\x04\0\0\x25\x04\0\0\x2b\x04\0\0\x34\x04\0\0\x3b\x04\0\
\0\x44\x04\0\0\x4d\x04\0\0\x56\x04\0\0\x5c\x04\0\0\x67\x04\0\0\x75\x04\0\0\x7c\
\x04\0\0\x8f\x04\0\0\x95\x04\0\0\x9e\x04\0\0\xa7\x04\0\0\xaa\x04\0\0\xb7\x04\0\
\0\xbf\x04\0\0\xc7\x04\0\0\xd0\x04\0\0\xd9\x04\0\0\xe1\x04\0\0\xe9\x04\0\0\xef\
\x04\0\0\0\x05\0\0\x06\x05\0\0\x0f\x05\0\0\x18\x05\0\0\x24\x05\0\0\x2d\x05\0\0\
\x37\x05\0\0\x3e\x05\0\0\x47\x05\0\0\x55\x05\0\0\x60\x05\0\0\x71\x05\0\0\x7f\
\x05\0\0\x8c\x05\0\0\x9d\x05\0\0\xa7\x05\0\0\xbb\x05\0\0\xce\x05\0\0\xdb\x05\0\
\0\xe5\x05\0\0\xf1\x05\0\0\xf9\x05\0\0\x01\x06\0\0\x08\x06\0\0\x0f\x06\0\0\x1f\
\x06\0\0\x2f\x06\0\0\x3d\x06\0\0\x44\x06\0\0\x4b\x06\0\0\x53\x06\0\0\x59\x06\0\
\0\x62\x06\0\0\x6c\x06\0\0\x76\x06\0\0\x7f\x06\0\0\x87\x06\0\0\x93\x06\0\0\x9f\
\x06\0\0\xb2\x06\0\0\xb6\x06\0\0\xbd\x06\0\0\xcb\x06\0\0\xd9\x06\0\0\xe0\x06\0\
\0\xed\x06\0\0\xf2\x06\0\0\xfc\x06\0\0\x08\x07\0\0\x14\x07\0\0\x1a\x07\0\0\x1d\
\x07\0\0\x21\x07\0\0\x29\x07\0\0\x2d\x07\0\0\x35\x07\0\0\x38\x07\0\0\x41\x07\0\
\0\x45\x07\0\0\x4b\x07\0\0\x53\x07\0\0\x59\x07\0\0\x5f\x07\0\0\x65\x07\0\0\x69\
\x07\0\0\x72\x07\0\0\x7e\x07\0\0\x86\x07\0\0\x90\x07\0\0\x98\x07\0\0\x9c\x07\0\
\0\xa3\x07\0\0\xa8\x07\0\0\xac\x07\0\0\xb4\x07\0\0\xb9\x07\0\0\xbe\x07\0\0\xc2\
\x07\0\0\xc6\x07\0\0\xca\x07\0\0\xce\x07\0\0\xd2\x07\0\0\xd6\x07\0\0\xda\x07\0\
\0\xde\x07\0\0\xe5\x07\0\0\xed\x07\0\0\xf4\x07\0\0\xf8\x07\0\0\xff\x07\0\0\x0e\
\x08\0\0\x15\x08\0\0\x19\x08\0\0\x33\x08\0\0\x3c\x08\0\0\x4b\x08\0\0\x53\x08\0\
\0\x5a\x08\0\0\x67\x08\0\0\x69\x08\0\0\x70\x08\0\0\x7e\x08\0\0\x8a\x08\0\0\x8e\
\x08\0\0\x95\x08\0\0\xa0\x08\0\0\xab\x08\0\0\xad\x08\0\0\xc2\x08\0\0\xc6\x08\0\
\0\xcb\x08\0\0\xdc\x08\0\0\xe2\x08\0\0\xe6\x08\0\0\xeb\x08\0\0\xf7\x08\0\0\x02\
\x09\0\0\x06\x09\0\0\x0f\x09\0\0\x25\x09\0\0\x63\x6c\x61\x6e\x67\x20\x76\x65\
\x72\x73\x69\x6f\x6e\x20\x31\x34\x2e\x30\x2e\x36\0\x72\x73\x73\x2e\x62\x70\x66\
\x2e\x63\0\x2f\x68\x6f\x6d\x65\x2f\x61\x6e\x64\x2f\x57\x6f\x72\x6b\x2f\x44\x61\
\x79\x6e\x69\x78\x2f\x71\x65\x6d\x75\x2f\x74\x6f\x6f\x6c\x73\x2f\x65\x62\x70\
\x66\0\x5f\x6c\x69\x63\x65\x6e\x73\x65\0\x63\x68\x61\x72\0\x5f\x5f\x41\x52\x52\
\x41\x59\x5f\x53\x49\x5a\x45\x5f\x54\x59\x50\x45\x5f\x5f\0\x74\x61\x70\x5f\x72\
\x73\x73\x5f\x6d\x61\x70\x5f\x63\x6f\x6e\x66\x69\x67\x75\x72\x61\x74\x69\x6f\
\x6e\x73\0\x74\x79\x70\x65\0\x69\x6e\x74\0\x6b\x65\x79\x5f\x73\x69\x7a\x65\0\
\x76\x61\x6c\x75\x65\x5f\x73\x69\x7a\x65\0\x6d\x61\x78\x5f\x65\x6e\x74\x72\x69\
\x65\x73\0\x6d\x61\x70\x5f\x66\x6c\x61\x67\x73\0\x62\x70\x66\x5f\x6d\x61\x70\
\x5f\x6c\x6f\x6f\x6b\x75\x70\x5f\x65\x6c\x65\x6d\0\x62\x70\x66\x5f\x73\x6b\x62\
\x5f\x6c\x6f\x61\x64\x5f\x62\x79\x74\x65\x73\x5f\x72\x65\x6c\x61\x74\x69\x76\
\x65\0\x6c\x6f\x6e\x67\0\x75\x6e\x73\x69\x67\x6e\x65\x64\x20\x69\x6e\x74\0\x5f\
\x5f\x75\x33\x32\0\x42\x50\x46\x5f\x48\x44\x52\x5f\x53\x54\x41\x52\x54\x5f\x4d\
\x41\x43\0\x42\x50\x46\x5f\x48\x44\x52\x5f\x53\x54\x41\x52\x54\x5f\x4e\x45\x54\
\0\x62\x70\x66\x5f\x68\x64\x72\x5f\x73\x74\x61\x72\x74\x5f\x6f\x66\x66\0\x49\
\x50\x50\x52\x4f\x54\x4f\x5f\x49\x50\0\x49\x50\x50\x52\x4f\x54\x4f\x5f\x49\x43\
\x4d\x50\0\x49\x50\x50\x52\x4f\x54\x4f\x5f\x49\x47\x4d\x50\0\x49\x50\x50\x52\
\x4f\x54\x4f\x5f\x49\x50\x49\x50\0\x49\x50\x50\x52\x4f\x54\x4f\x5f\x54\x43\x50\
\0\x49\x50\x50\x52\x4f\x54\x4f\x5f\x45\x47\x50\0\x49\x50\x50\x52\x4f\x54\x4f\
\x5f\x50\x55\x50\0\x49\x50\x50\x52\x4f\x54\x4f\x5f\x55\x44\x50\0\x49\x50\x50\
\x52\x4f\x54\x4f\x5f\x49\x44\x50\0\x49\x50\x50\x52\x4f\x54\x4f\x5f\x54\x50\0\
\x49\x50\x50\x52\x4f\x54\x4f\x5f\x44\x43\x43\x50\0\x49\x50\x50\x52\x4f\x54\x4f\
\x5f\x49\x50\x56\x36\0\x49\x50\x50\x52\x4f\x54\x4f\x5f\x52\x53\x56\x50\0\x49\
\x50\x50\x52\x4f\x54\x4f\x5f\x47\x52\x45\0\x49\x50\x50\x52\x4f\x54\x4f\x5f\x45\
\x53\x50\0\x49\x50\x50\x52\x4f\x54\x4f\x5f\x41\x48\0\x49\x50\x50\x52\x4f\x54\
\x4f\x5f\x4d\x54\x50\0\x49\x50\x50\x52\x4f\x54\x4f\x5f\x42\x45\x45\x54\x50\x48\
\0\x49\x50\x50\x52\x4f\x54\x4f\x5f\x45\x4e\x43\x41\x50\0\x49\x50\x50\x52\x4f\
\x54\x4f\x5f\x50\x49\x4d\0\x49\x50\x50\x52\x4f\x54\x4f\x5f\x43\x4f\x4d\x50\0\
\x49\x50\x50\x52\x4f\x54\x4f\x5f\x53\x43\x54\x50\0\x49\x50\x50\x52\x4f\x54\x4f\
\x5f\x55\x44\x50\x4c\x49\x54\x45\0\x49\x50\x50\x52\x4f\x54\x4f\x5f\x4d\x50\x4c\
\x53\0\x49\x50\x50\x52\x4f\x54\x4f\x5f\x45\x54\x48\x45\x52\x4e\x45\x54\0\x49\
\x50\x50\x52\x4f\x54\x4f\x5f\x52\x41\x57\0\x49\x50\x50\x52\x4f\x54\x4f\x5f\x4d\
\x50\x54\x43\x50\0\x49\x50\x50\x52\x4f\x54\x4f\x5f\x4d\x41\x58\0\x75\x6e\x73\
\x69\x67\x6e\x65\x64\x20\x73\x68\x6f\x72\x74\0\x5f\x5f\x75\x31\x36\0\x63\x61\
\x6c\x63\x75\x6c\x61\x74\x65\x5f\x72\x73\x73\x5f\x68\x61\x73\x68\0\x73\x6b\x62\
\0\x6c\x65\x6e\0\x70\x6b\x74\x5f\x74\x79\x70\x65\0\x6d\x61\x72\x6b\0\x71\x75\
\x65\x75\x65\x5f\x6d\x61\x70\x70\x69\x6e\x67\0\x70\x72\x6f\x74\x6f\x63\x6f\x6c\
\0\x76\x6c\x61\x6e\x5f\x70\x72\x65\x73\x65\x6e\x74\0\x76\x6c\x61\x6e\x5f\x74\
\x63\x69\0\x76\x6c\x61\x6e\x5f\x70\x72\x6f\x74\x6f\0\x70\x72\x69\x6f\x72\x69\
\x74\x79\0\x69\x6e\x67\x72\x65\x73\x73\x5f\x69\x66\x69\x6e\x64\x65\x78\0\x69\
\x66\x69\x6e\x64\x65\x78\0\x74\x63\x5f\x69\x6e\x64\x65\x78\0\x63\x62\0\x68\x61\
\x73\x68\0\x74\x63\x5f\x63\x6c\x61\x73\x73\x69\x64\0\x64\x61\x74\x61\0\x64\x61\
\x74\x61\x5f\x65\x6e\x64\0\x6e\x61\x70\x69\x5f\x69\x64\0\x66\x61\x6d\x69\x6c\
\x79\0\x72\x65\x6d\x6f\x74\x65\x5f\x69\x70\x34\0\x6c\x6f\x63\x61\x6c\x5f\x69\
\x70\x34\0\x72\x65\x6d\x6f\x74\x65\x5f\x69\x70\x36\0\x6c\x6f\x63\x61\x6c\x5f\
\x69\x70\x36\0\x72\x65\x6d\x6f\x74\x65\x5f\x70\x6f\x72\x74\0\x6c\x6f\x63\x61\
\x6c\x5f\x70\x6f\x72\x74\0\x64\x61\x74\x61\x5f\x6d\x65\x74\x61\0\x66\x6c\x6f\
\x77\x5f\x6b\x65\x79\x73\0\x6e\x68\x6f\x66\x66\0\x74\x68\x6f\x66\x66\0\x61\x64\
\x64\x72\x5f\x70\x72\x6f\x74\x6f\0\x69\x73\x5f\x66\x72\x61\x67\0\x75\x6e\x73\
\x69\x67\x6e\x65\x64\x20\x63\x68\x61\x72\0\x5f\x5f\x75\x38\0\x69\x73\x5f\x66\
\x69\x72\x73\x74\x5f\x66\x72\x61\x67\0\x69\x73\x5f\x65\x6e\x63\x61\x70\0\x69\
\x70\x5f\x70\x72\x6f\x74\x6f\0\x6e\x5f\x70\x72\x6f\x74\x6f\0\x5f\x5f\x62\x65\
\x31\x36\0\x73\x70\x6f\x72\x74\0\x64\x70\x6f\x72\x74\0\x69\x70\x76\x34\x5f\x73\
\x72\x63\0\x5f\x5f\x62\x65\x33\x32\0\x69\x70\x76\x34\x5f\x64\x73\x74\0\x69\x70\
\x76\x36\x5f\x73\x72\x63\0\x69\x70\x76\x36\x5f\x64\x73\x74\0\x66\x6c\x61\x67\
\x73\0\x66\x6c\x6f\x77\x5f\x6c\x61\x62\x65\x6c\0\x62\x70\x66\x5f\x66\x6c\x6f\
\x77\x5f\x6b\x65\x79\x73\0\x74\x73\x74\x61\x6d\x70\0\x75\x6e\x73\x69\x67\x6e\
\x65\x64\x20\x6c\x6f\x6e\x67\x20\x6c\x6f\x6e\x67\0\x5f\x5f\x75\x36\x34\0\x77\
\x69\x72\x65\x5f\x6c\x65\x6e\0\x67\x73\x6f\x5f\x73\x65\x67\x73\0\x73\x6b\0\x62\
\x6f\x75\x6e\x64\x5f\x64\x65\x76\x5f\x69\x66\0\x73\x72\x63\x5f\x69\x70\x34\0\
\x73\x72\x63\x5f\x69\x70\x36\0\x73\x72\x63\x5f\x70\x6f\x72\x74\0\x64\x73\x74\
\x5f\x70\x6f\x72\x74\0\x64\x73\x74\x5f\x69\x70\x34\0\x64\x73\x74\x5f\x69\x70\
\x36\0\x73\x74\x61\x74\x65\0\x72\x78\x5f\x71\x75\x65\x75\x65\x5f\x6d\x61\x70\
\x70\x69\x6e\x67\0\x5f\x5f\x73\x33\x32\0\x62\x70\x66\x5f\x73\x6f\x63\x6b\0\x67\
\x73\x6f\x5f\x73\x69\x7a\x65\0\x74\x73\x74\x61\x6d\x70\x5f\x74\x79\x70\x65\0\
\x68\x77\x74\x73\x74\x61\x6d\x70\0\x5f\x5f\x73\x6b\x5f\x62\x75\x66\x66\0\x63\
\x6f\x6e\x66\x69\x67\0\x72\x65\x64\x69\x72\x65\x63\x74\0\x70\x6f\x70\x75\x6c\
\x61\x74\x65\x5f\x68\x61\x73\x68\0\x68\x61\x73\x68\x5f\x74\x79\x70\x65\x73\0\
\x69\x6e\x64\x69\x72\x65\x63\x74\x69\x6f\x6e\x73\x5f\x6c\x65\x6e\0\x64\x65\x66\
\x61\x75\x6c\x74\x5f\x71\x75\x65\x75\x65\0\x74\x6f\x65\x70\x6c\x69\x74\x7a\x5f\
\x6b\x65\x79\0\x6c\x65\x66\x74\x6d\x6f\x73\x74\x5f\x33\x32\x5f\x62\x69\x74\x73\
\0\x6e\x65\x78\x74\x5f\x62\x79\x74\x65\0\x74\x6f\x65\x70\x6c\x69\x74\x7a\x5f\
\x6b\x65\x79\x5f\x64\x61\x74\x61\x5f\x74\0\x69\x6e\x64\x69\x72\x65\x63\x74\x69\
\x6f\x6e\x73\x5f\x74\x61\x62\x6c\x65\0\x72\x73\x73\x5f\x63\x6f\x6e\x66\x69\x67\
\x5f\x74\0\x72\x73\x73\x5f\x69\x6e\x70\x75\x74\0\x70\x61\x63\x6b\x65\x74\x5f\
\x69\x6e\x66\x6f\0\x69\x73\x5f\x69\x70\x76\x34\0\x69\x73\x5f\x69\x70\x76\x36\0\
\x69\x73\x5f\x75\x64\x70\0\x69\x73\x5f\x74\x63\x70\0\x69\x73\x5f\x69\x70\x76\
\x36\x5f\x65\x78\x74\x5f\x73\x72\x63\0\x69\x73\x5f\x69\x70\x76\x36\x5f\x65\x78\
\x74\x5f\x64\x73\x74\0\x69\x73\x5f\x66\x72\x61\x67\x6d\x65\x6e\x74\x65\x64\0\
\x69\x6e\x5f\x73\x72\x63\0\x69\x6e\x5f\x64\x73\x74\0\x69\x6e\x36\x5f\x73\x72\
\x63\0\x69\x6e\x36\x5f\x75\0\x75\x36\x5f\x61\x64\x64\x72\x38\0\x75\x36\x5f\x61\
\x64\x64\x72\x31\x36\0\x75\x36\x5f\x61\x64\x64\x72\x33\x32\0\x69\x6e\x36\x5f\
\x61\x64\x64\x72\0\x69\x6e\x36\x5f\x64\x73\x74\0\x69\x6e\x36\x5f\x65\x78\x74\
\x5f\x73\x72\x63\0\x69\x6e\x36\x5f\x65\x78\x74\x5f\x64\x73\x74\0\x70\x61\x63\
\x6b\x65\x74\x5f\x68\x61\x73\x68\x5f\x69\x6e\x66\x6f\x5f\x74\0\x65\x72\x72\0\
\x72\x65\x73\x75\x6c\x74\0\x62\x79\x74\x65\x73\x5f\x77\x72\x69\x74\x74\x65\x6e\
\0\x75\x6e\x73\x69\x67\x6e\x65\x64\x20\x6c\x6f\x6e\x67\0\x73\x69\x7a\x65\x5f\
\x74\0\x70\x61\x72\x73\x65\x5f\x70\x61\x63\x6b\x65\x74\0\x69\x6e\x66\x6f\0\x6c\
\x34\x5f\x6f\x66\x66\x73\x65\x74\0\x6c\x34\x5f\x70\x72\x6f\x74\x6f\x63\x6f\x6c\
\0\x6c\x33\x5f\x70\x72\x6f\x74\x6f\x63\x6f\x6c\0\x65\x72\x72\x6f\x72\0\x69\x70\
\0\x69\x68\x6c\0\x76\x65\x72\x73\x69\x6f\x6e\0\x74\x6f\x73\0\x74\x6f\x74\x5f\
\x6c\x65\x6e\0\x69\x64\0\x66\x72\x61\x67\x5f\x6f\x66\x66\0\x74\x74\x6c\0\x63\
\x68\x65\x63\x6b\0\x5f\x5f\x73\x75\x6d\x31\x36\0\x73\x61\x64\x64\x72\0\x64\x61\
\x64\x64\x72\0\x69\x70\x68\x64\x72\0\x69\x70\x36\0\x66\x6c\x6f\x77\x5f\x6c\x62\
\x6c\0\x70\x61\x79\x6c\x6f\x61\x64\x5f\x6c\x65\x6e\0\x6e\x65\x78\x74\x68\x64\
\x72\0\x68\x6f\x70\x5f\x6c\x69\x6d\x69\x74\0\x69\x70\x76\x36\x68\x64\x72\0\x74\
\x63\x70\0\x73\x6f\x75\x72\x63\x65\0\x64\x65\x73\x74\0\x73\x65\x71\0\x61\x63\
\x6b\x5f\x73\x65\x71\0\x72\x65\x73\x31\0\x64\x6f\x66\x66\0\x66\x69\x6e\0\x73\
\x79\x6e\0\x72\x73\x74\0\x70\x73\x68\0\x61\x63\x6b\0\x75\x72\x67\0\x65\x63\x65\
\0\x63\x77\x72\0\x77\x69\x6e\x64\x6f\x77\0\x75\x72\x67\x5f\x70\x74\x72\0\x74\
\x63\x70\x68\x64\x72\0\x75\x64\x70\0\x75\x64\x70\x68\x64\x72\0\x70\x61\x72\x73\
\x65\x5f\x65\x74\x68\x5f\x74\x79\x70\x65\0\x6f\x66\x66\x73\x65\x74\0\x72\x65\
\x74\0\x69\x70\x36\x5f\x65\x78\x74\x65\x6e\x73\x69\x6f\x6e\x5f\x68\x65\x61\x64\
\x65\x72\x5f\x74\x79\x70\x65\0\x68\x64\x72\x5f\x74\x79\x70\x65\0\x70\x61\x72\
\x73\x65\x5f\x69\x70\x76\x36\x5f\x65\x78\x74\0\x65\x78\x74\x5f\x68\x64\x72\0\
\x68\x64\x72\x6c\x65\x6e\0\x69\x70\x76\x36\x5f\x6f\x70\x74\x5f\x68\x64\x72\0\
\x69\0\x65\x78\x74\x5f\x72\x74\0\x73\x65\x67\x6d\x65\x6e\x74\x73\x5f\x6c\x65\
\x66\x74\0\x69\x70\x76\x36\x5f\x72\x74\x5f\x68\x64\x72\0\x6f\x70\x74\0\x6c\x65\
\x6e\x67\x74\x68\0\x69\x70\x76\x36\x5f\x6f\x70\x74\x5f\x74\0\x6f\x70\x74\x5f\
\x6f\x66\x66\x73\x65\x74\0\x6a\0\x6e\x65\x74\x5f\x72\x78\x5f\x72\x73\x73\x5f\
\x61\x64\x64\x5f\x63\x68\x75\x6e\x6b\0\x70\x74\x72\0\x73\x69\x7a\x65\0\x6e\x65\
\x74\x5f\x74\x6f\x65\x70\x6c\x69\x74\x7a\x5f\x61\x64\x64\0\x69\x6e\x70\x75\x74\
\0\x6b\x65\x79\0\x62\x79\x74\x65\0\x61\x63\x63\x75\x6d\x75\x6c\x61\x74\x6f\x72\
\0\x69\x6e\x70\x75\x74\x5f\x62\x79\x74\x65\0\x62\x69\x74\0\x6b\x65\x79\x5f\x62\
\x79\x74\x65\0\x74\x75\x6e\x5f\x72\x73\x73\x5f\x73\x74\x65\x65\x72\x69\x6e\x67\
\x5f\x70\x72\x6f\x67\0\x74\x61\x62\x6c\x65\x5f\x69\x64\x78\0\x84\0\0\0\x05\0\
\x08\0\0\0\0\0\0\0\0\0\0\0\0\0\0\0\0\0\0\0\0\0\0\0\0\0\xa8\0\0\0\0\0\0\0\x28\
\x02\0\0\0\0\0\0\xe0\x06\0\0\0\0\0\0\0\x08\0\0\0\0\0\0\x48\x03\0\0\0\0\0\0\xd0\
\x0d\0\0\0\0\0\0\xb0\x0c\0\0\0\0\0\0\xc0\x0c\0\0\0\0\0\0\x20\x0f\0\0\0\0\0\0\
\x78\x0f\0\0\0\0\0\0\xd0\x0f\0\0\0\0\0\0\0\x10\0\0\0\0\0\0\xc0\x12\0\0\0\0\0\0\
\0\0\x9f\xeb\x01\0\x18\0\0\0\0\0\0\0\x48\x04\0\0\x48\x04\0\0\xf0\x10\0\0\0\0\0\
\0\0\0\0\x02\x03\0\0\0\x01\0\0\0\0\0\0\x01\x04\0\0\0\x20\0\0\x01\0\0\0\0\0\0\0\
\x03\0\0\0\0\x02\0\0\0\x04\0\0\0\x02\0\0\0\x05\0\0\0\0\0\0\x01\x04\0\0\0\x20\0\
\0\0\0\0\0\0\0\0\0\x02\x06\0\0\0\0\0\0\0\0\0\0\x03\0\0\0\0\x02\0\0\0\x04\0\0\0\
\x04\0\0\0\0\0\0\0\0\0\0\x02\x08\0\0\0\0\0\0\0\0\0\0\x03\0\0\0\0\x02\0\0\0\x04\
\0\0\0\x32\x01\0\0\0\0\0\0\0\0\0\x02\x0a\0\0\0\0\0\0\0\0\0\0\x03\0\0\0\0\x02\0\
\0\0\x04\0\0\0\x01\0\0\0\0\0\0\0\0\0\0\x02\x0c\0\0\0\0\0\0\0\0\0\0\x03\0\0\0\0\
\x02\0\0\0\x04\0\0\0\0\x04\0\0\0\0\0\0\x05\0\0\x04\x28\0\0\0\x19\0\0\0\x01\0\0\
\0\0\0\0\0\x1e\0\0\0\x05\0\0\0\x40\0\0\0\x27\0\0\0\x07\0\0\0\x80\0\0\0\x32\0\0\
\0\x09\0\0\0\xc0\0\0\0\x3e\0\0\0\x0b\0\0\0\0\x01\0\0\x48\0\0\0\0\0\0\x0e\x0d\0\
\0\0\x01\0\0\0\0\0\0\0\0\0\0\x02\x10\0\0\0\x63\0\0\0\x22\0\0\x04\xc0\0\0\0\x6d\
\0\0\0\x11\0\0\0\0\0\0\0\x71\0\0\0\x11\0\0\0\x20\0\0\0\x7a\0\0\0\x11\0\0\0\x40\
\0\0\0\x7f\0\0\0\x11\0\0\0\x60\0\0\0\x8d\0\0\0\x11\0\0\0\x80\0\0\0\x96\0\0\0\
\x11\0\0\0\xa0\0\0\0\xa3\0\0\0\x11\0\0\0\xc0\0\0\0\xac\0\0\0\x11\0\0\0\xe0\0\0\
\0\xb7\0\0\0\x11\0\0\0\0\x01\0\0\xc0\0\0\0\x11\0\0\0\x20\x01\0\0\xd0\0\0\0\x11\
\0\0\0\x40\x01\0\0\xd8\0\0\0\x11\0\0\0\x60\x01\0\0\xe1\0\0\0\x13\0\0\0\x80\x01\
\0\0\xe4\0\0\0\x11\0\0\0\x20\x02\0\0\xe9\0\0\0\x11\0\0\0\x40\x02\0\0\xf4\0\0\0\
\x11\0\0\0\x60\x02\0\0\xf9\0\0\0\x11\0\0\0\x80\x02\0\0\x02\x01\0\0\x11\0\0\0\
\xa0\x02\0\0\x0a\x01\0\0\x11\0\0\0\xc0\x02\0\0\x11\x01\0\0\x11\0\0\0\xe0\x02\0\
\0\x1c\x01\0\0\x11\0\0\0\0\x03\0\0\x26\x01\0\0\x14\0\0\0\x20\x03\0\0\x31\x01\0\
\0\x14\0\0\0\xa0\x03\0\0\x3b\x01\0\0\x11\0\0\0\x20\x04\0\0\x47\x01\0\0\x11\0\0\
\0\x40\x04\0\0\x52\x01\0\0\x11\0\0\0\x60\x04\0\0\0\0\0\0\x15\0\0\0\x80\x04\0\0\
\x5c\x01\0\0\x17\0\0\0\xc0\x04\0\0\x63\x01\0\0\x11\0\0\0\0\x05\0\0\x6c\x01\0\0\
\x11\0\0\0\x20\x05\0\0\0\0\0\0\x19\0\0\0\x40\x05\0\0\x75\x01\0\0\x11\0\0\0\x80\
\x05\0\0\x7e\x01\0\0\x1b\0\0\0\xa0\x05\0\0\x8a\x01\0\0\x17\0\0\0\xc0\x05\0\0\
\x93\x01\0\0\0\0\0\x08\x12\0\0\0\x99\x01\0\0\0\0\0\x01\x04\0\0\0\x20\0\0\0\0\0\
\0\0\0\0\0\x03\0\0\0\0\x11\0\0\0\x04\0\0\0\x05\0\0\0\0\0\0\0\0\0\0\x03\0\0\0\0\
\x11\0\0\0\x04\0\0\0\x04\0\0\0\0\0\0\0\x01\0\0\x05\x08\0\0\0\xa6\x01\0\0\x16\0\
\0\0\0\0\0\0\0\0\0\0\0\0\0\x02\x24\0\0\0\xb0\x01\0\0\0\0\0\x08\x18\0\0\0\xb6\
\x01\0\0\0\0\0\x01\x08\0\0\0\x40\0\0\0\0\0\0\0\x01\0\0\x05\x08\0\0\0\xc9\x01\0\
\0\x1a\0\0\0\0\0\0\0\0\0\0\0\0\0\0\x02\x25\0\0\0\xcc\x01\0\0\0\0\0\x08\x1c\0\0\
\0\xd1\x01\0\0\0\0\0\x01\x01\0\0\0\x08\0\0\0\0\0\0\0\x01\0\0\x0d\x02\0\0\0\xdf\
\x01\0\0\x0f\0\0\0\xe3\x01\0\0\x01\0\0\x0c\x1d\0\0\0\xbd\x10\0\0\0\0\0\x01\x01\
\0\0\0\x08\0\0\x01\0\0\0\0\0\0\0\x03\0\0\0\0\x1f\0\0\0\x04\0\0\0\x07\0\0\0\xc2\
\x10\0\0\0\0\0\x0e\x20\0\0\0\x01\0\0\0\xcb\x10\0\0\x01\0\0\x0f\0\0\0\0\x0e\0\0\
\0\0\0\0\0\x28\0\0\0\xd1\x10\0\0\x01\0\0\x0f\0\0\0\0\x21\0\0\0\0\0\0\0\x07\0\0\
\0\xd9\x10\0\0\0\0\0\x07\0\0\0\0\xe7\x10\0\0\0\0\0\x07\0\0\0\0\0\x69\x6e\x74\0\
\x5f\x5f\x41\x52\x52\x41\x59\x5f\x53\x49\x5a\x45\x5f\x54\x59\x50\x45\x5f\x5f\0\
\x74\x79\x70\x65\0\x6b\x65\x79\x5f\x73\x69\x7a\x65\0\x76\x61\x6c\x75\x65\x5f\
\x73\x69\x7a\x65\0\x6d\x61\x78\x5f\x65\x6e\x74\x72\x69\x65\x73\0\x6d\x61\x70\
\x5f\x66\x6c\x61\x67\x73\0\x74\x61\x70\x5f\x72\x73\x73\x5f\x6d\x61\x70\x5f\x63\
\x6f\x6e\x66\x69\x67\x75\x72\x61\x74\x69\x6f\x6e\x73\0\x5f\x5f\x73\x6b\x5f\x62\
\x75\x66\x66\0\x6c\x65\x6e\0\x70\x6b\x74\x5f\x74\x79\x70\x65\0\x6d\x61\x72\x6b\
\0\x71\x75\x65\x75\x65\x5f\x6d\x61\x70\x70\x69\x6e\x67\0\x70\x72\x6f\x74\x6f\
\x63\x6f\x6c\0\x76\x6c\x61\x6e\x5f\x70\x72\x65\x73\x65\x6e\x74\0\x76\x6c\x61\
\x6e\x5f\x74\x63\x69\0\x76\x6c\x61\x6e\x5f\x70\x72\x6f\x74\x6f\0\x70\x72\x69\
\x6f\x72\x69\x74\x79\0\x69\x6e\x67\x72\x65\x73\x73\x5f\x69\x66\x69\x6e\x64\x65\
\x78\0\x69\x66\x69\x6e\x64\x65\x78\0\x74\x63\x5f\x69\x6e\x64\x65\x78\0\x63\x62\
\0\x68\x61\x73\x68\0\x74\x63\x5f\x63\x6c\x61\x73\x73\x69\x64\0\x64\x61\x74\x61\
\0\x64\x61\x74\x61\x5f\x65\x6e\x64\0\x6e\x61\x70\x69\x5f\x69\x64\0\x66\x61\x6d\
\x69\x6c\x79\0\x72\x65\x6d\x6f\x74\x65\x5f\x69\x70\x34\0\x6c\x6f\x63\x61\x6c\
\x5f\x69\x70\x34\0\x72\x65\x6d\x6f\x74\x65\x5f\x69\x70\x36\0\x6c\x6f\x63\x61\
\x6c\x5f\x69\x70\x36\0\x72\x65\x6d\x6f\x74\x65\x5f\x70\x6f\x72\x74\0\x6c\x6f\
\x63\x61\x6c\x5f\x70\x6f\x72\x74\0\x64\x61\x74\x61\x5f\x6d\x65\x74\x61\0\x74\
\x73\x74\x61\x6d\x70\0\x77\x69\x72\x65\x5f\x6c\x65\x6e\0\x67\x73\x6f\x5f\x73\
\x65\x67\x73\0\x67\x73\x6f\x5f\x73\x69\x7a\x65\0\x74\x73\x74\x61\x6d\x70\x5f\
\x74\x79\x70\x65\0\x68\x77\x74\x73\x74\x61\x6d\x70\0\x5f\x5f\x75\x33\x32\0\x75\
\x6e\x73\x69\x67\x6e\x65\x64\x20\x69\x6e\x74\0\x66\x6c\x6f\x77\x5f\x6b\x65\x79\
\x73\0\x5f\x5f\x75\x36\x34\0\x75\x6e\x73\x69\x67\x6e\x65\x64\x20\x6c\x6f\x6e\
\x67\x20\x6c\x6f\x6e\x67\0\x73\x6b\0\x5f\x5f\x75\x38\0\x75\x6e\x73\x69\x67\x6e\
\x65\x64\x20\x63\x68\x61\x72\0\x73\x6b\x62\0\x74\x75\x6e\x5f\x72\x73\x73\x5f\
\x73\x74\x65\x65\x72\x69\x6e\x67\x5f\x70\x72\x6f\x67\0\x74\x75\x6e\x5f\x72\x73\
\x73\x5f\x73\x74\x65\x65\x72\x69\x6e\x67\0\x2f\x68\x6f\x6d\x65\x2f\x61\x6e\x64\
\x2f\x57\x6f\x72\x6b\x2f\x44\x61\x79\x6e\x69\x78\x2f\x71\x65\x6d\x75\x2f\x74\
\x6f\x6f\x6c\x73\x2f\x65\x62\x70\x66\x2f\x72\x73\x73\x2e\x62\x70\x66\x2e\x63\0\
\x69\x6e\x74\x20\x74\x75\x6e\x5f\x72\x73\x73\x5f\x73\x74\x65\x65\x72\x69\x6e\
\x67\x5f\x70\x72\x6f\x67\x28\x73\x74\x72\x75\x63\x74\x20\x5f\x5f\x73\x6b\x5f\
\x62\x75\x66\x66\x20\x2a\x73\x6b\x62\x29\0\x20\x20\x20\x20\x5f\x5f\x75\x33\x32\
\x20\x6b\x65\x79\x20\x3d\x20\x30\x3b\0\x20\x20\x20\x20\x63\x6f\x6e\x66\x69\x67\
\x20\x3d\x20\x62\x70\x66\x5f\x6d\x61\x70\x5f\x6c\x6f\x6f\x6b\x75\x70\x5f\x65\
\x6c\x65\x6d\x28\x26\x74\x61\x70\x5f\x72\x73\x73\x5f\x6d\x61\x70\x5f\x63\x6f\
\x6e\x66\x69\x67\x75\x72\x61\x74\x69\x6f\x6e\x73\x2c\x20\x26\x6b\x65\x79\x29\
\x3b\0\x20\x20\x20\x20\x69\x66\x20\x28\x63\x6f\x6e\x66\x69\x67\x29\x20\x7b\0\
\x20\x20\x20\x20\x20\x20\x20\x20\x69\x66\x20\x28\x21\x63\x6f\x6e\x66\x69\x67\
\x2d\x3e\x72\x65\x64\x69\x72\x65\x63\x74\x29\x20\x7b\0\x7d\0\x20\x20\x20\x20\
\x5f\x5f\x75\x38\x20\x72\x73\x73\x5f\x69\x6e\x70\x75\x74\x5b\x48\x41\x53\x48\
\x5f\x43\x41\x4c\x43\x55\x4c\x41\x54\x49\x4f\x4e\x5f\x42\x55\x46\x46\x45\x52\
\x5f\x53\x49\x5a\x45\x5d\x20\x3d\x20\x7b\x7d\x3b\0\x20\x20\x20\x20\x73\x74\x72\
\x75\x63\x74\x20\x70\x61\x63\x6b\x65\x74\x5f\x68\x61\x73\x68\x5f\x69\x6e\x66\
\x6f\x5f\x74\x20\x70\x61\x63\x6b\x65\x74\x5f\x69\x6e\x66\x6f\x20\x3d\x20\x7b\
\x7d\x3b\0\x20\x20\x20\x20\x69\x66\x20\x28\x21\x69\x6e\x66\x6f\x20\x7c\x7c\x20\
\x21\x73\x6b\x62\x29\x20\x7b\0\x20\x20\x20\x20\x5f\x5f\x62\x65\x31\x36\x20\x72\
\x65\x74\x20\x3d\x20\x30\x3b\0\x20\x20\x20\x20\x65\x72\x72\x20\x3d\x20\x62\x70\
\x66\x5f\x73\x6b\x62\x5f\x6c\x6f\x61\x64\x5f\x62\x79\x74\x65\x73\x5f\x72\x65\
\x6c\x61\x74\x69\x76\x65\x28\x73\x6b\x62\x2c\x20\x6f\x66\x66\x73\x65\x74\x2c\
\x20\x26\x72\x65\x74\x2c\x20\x73\x69\x7a\x65\x6f\x66\x28\x72\x65\x74\x29\x2c\0\
\x20\x20\x20\x20\x69\x66\x20\x28\x65\x72\x72\x29\x20\x7b\0\x20\x20\x20\x20\x73\
\x77\x69\x74\x63\x68\x20\x28\x62\x70\x66\x5f\x6e\x74\x6f\x68\x73\x28\x72\x65\
\x74\x29\x29\x20\x7b\0\x20\x20\x20\x20\x20\x20\x20\x20\x65\x72\x72\x20\x3d\x20\
\x62\x70\x66\x5f\x73\x6b\x62\x5f\x6c\x6f\x61\x64\x5f\x62\x79\x74\x65\x73\x5f\
\x72\x65\x6c\x61\x74\x69\x76\x65\x28\x73\x6b\x62\x2c\x20\x6f\x66\x66\x73\x65\
\x74\x2c\x20\x26\x72\x65\x74\x2c\x20\x73\x69\x7a\x65\x6f\x66\x28\x72\x65\x74\
\x29\x2c\0\x20\x20\x20\x20\x72\x65\x74\x75\x72\x6e\x20\x72\x65\x74\x3b\0\x20\
\x20\x20\x20\x69\x66\x20\x28\x6c\x33\x5f\x70\x72\x6f\x74\x6f\x63\x6f\x6c\x20\
\x3d\x3d\x20\x30\x29\x20\x7b\0\x20\x20\x20\x20\x20\x20\x20\x20\x69\x6e\x66\x6f\
\x2d\x3e\x69\x73\x5f\x69\x70\x76\x34\x20\x3d\x20\x31\x3b\0\x20\x20\x20\x20\x20\
\x20\x20\x20\x73\x74\x72\x75\x63\x74\x20\x69\x70\x68\x64\x72\x20\x69\x70\x20\
\x3d\x20\x7b\x7d\x3b\0\x20\x20\x20\x20\x20\x20\x20\x20\x65\x72\x72\x20\x3d\x20\
\x62\x70\x66\x5f\x73\x6b\x62\x5f\x6c\x6f\x61\x64\x5f\x62\x79\x74\x65\x73\x5f\
\x72\x65\x6c\x61\x74\x69\x76\x65\x28\x73\x6b\x62\x2c\x20\x30\x2c\x20\x26\x69\
\x70\x2c\x20\x73\x69\x7a\x65\x6f\x66\x28\x69\x70\x29\x2c\0\x20\x20\x20\x20\x20\
\x20\x20\x20\x69\x66\x20\x28\x65\x72\x72\x29\x20\x7b\0\x20\x20\x20\x20\x20\x20\
\x20\x20\x69\x6e\x66\x6f\x2d\x3e\x69\x73\x5f\x66\x72\x61\x67\x6d\x65\x6e\x74\
\x65\x64\x20\x3d\x20\x21\x21\x69\x70\x2e\x66\x72\x61\x67\x5f\x6f\x66\x66\x3b\0\
\x20\x20\x20\x20\x20\x20\x20\x20\x69\x6e\x66\x6f\x2d\x3e\x69\x6e\x5f\x73\x72\
\x63\x20\x3d\x20\x69\x70\x2e\x73\x61\x64\x64\x72\x3b\0\x20\x20\x20\x20\x20\x20\
\x20\x20\x69\x6e\x66\x6f\x2d\x3e\x69\x6e\x5f\x64\x73\x74\x20\x3d\x20\x69\x70\
\x2e\x64\x61\x64\x64\x72\x3b\0\x20\x20\x20\x20\x20\x20\x20\x20\x6c\x34\x5f\x70\
\x72\x6f\x74\x6f\x63\x6f\x6c\x20\x3d\x20\x69\x70\x2e\x70\x72\x6f\x74\x6f\x63\
\x6f\x6c\x3b\0\x20\x20\x20\x20\x20\x20\x20\x20\x6c\x34\x5f\x6f\x66\x66\x73\x65\
\x74\x20\x3d\x20\x69\x70\x2e\x69\x68\x6c\x20\x2a\x20\x34\x3b\0\x20\x20\x20\x20\
\x69\x66\x20\x28\x6c\x34\x5f\x70\x72\x6f\x74\x6f\x63\x6f\x6c\x20\x21\x3d\x20\
\x30\x20\x26\x26\x20\x21\x69\x6e\x66\x6f\x2d\x3e\x69\x73\x5f\x66\x72\x61\x67\
\x6d\x65\x6e\x74\x65\x64\x29\x20\x7b\0\x20\x20\x20\x20\x20\x20\x20\x20\x69\x66\
\x20\x28\x6c\x34\x5f\x70\x72\x6f\x74\x6f\x63\x6f\x6c\x20\x3d\x3d\x20\x49\x50\
\x50\x52\x4f\x54\x4f\x5f\x54\x43\x50\x29\x20\x7b\0\x20\x20\x20\x20\x20\x20\x20\
\x20\x20\x20\x20\x20\x69\x6e\x66\x6f\x2d\x3e\x69\x73\x5f\x74\x63\x70\x20\x3d\
\x20\x31\x3b\0\x20\x20\x20\x20\x20\x20\x20\x20\x20\x20\x20\x20\x73\x74\x72\x75\
\x63\x74\x20\x74\x63\x70\x68\x64\x72\x20\x74\x63\x70\x20\x3d\x20\x7b\x7d\x3b\0\
\x20\x20\x20\x20\x20\x20\x20\x20\x20\x20\x20\x20\x65\x72\x72\x20\x3d\x20\x62\
\x70\x66\x5f\x73\x6b\x62\x5f\x6c\x6f\x61\x64\x5f\x62\x79\x74\x65\x73\x5f\x72\
\x65\x6c\x61\x74\x69\x76\x65\x28\x73\x6b\x62\x2c\x20\x6c\x34\x5f\x6f\x66\x66\
\x73\x65\x74\x2c\x20\x26\x74\x63\x70\x2c\x20\x73\x69\x7a\x65\x6f\x66\x28\x74\
\x63\x70\x29\x2c\0\x20\x20\x20\x20\x20\x20\x20\x20\x20\x20\x20\x20\x69\x66\x20\
\x28\x65\x72\x72\x29\x20\x7b\0\x20\x20\x20\x20\x69\x66\x20\x28\x70\x61\x63\x6b\
\x65\x74\x5f\x69\x6e\x66\x6f\x2e\x69\x73\x5f\x69\x70\x76\x34\x29\x20\x7b\0\x20\
\x20\x20\x20\x20\x20\x20\x20\x69\x66\x20\x28\x70\x61\x63\x6b\x65\x74\x5f\x69\
\x6e\x66\x6f\x2e\x69\x73\x5f\x74\x63\x70\x20\x26\x26\0\x20\x20\x20\x20\x20\x20\
\x20\x20\x69\x6e\x66\x6f\x2d\x3e\x69\x73\x5f\x69\x70\x76\x36\x20\x3d\x20\x31\
\x3b\0\x20\x20\x20\x20\x20\x20\x20\x20\x73\x74\x72\x75\x63\x74\x20\x69\x70\x76\
\x36\x68\x64\x72\x20\x69\x70\x36\x20\x3d\x20\x7b\x7d\x3b\0\x20\x20\x20\x20\x20\
\x20\x20\x20\x65\x72\x72\x20\x3d\x20\x62\x70\x66\x5f\x73\x6b\x62\x5f\x6c\x6f\
\x61\x64\x5f\x62\x79\x74\x65\x73\x5f\x72\x65\x6c\x61\x74\x69\x76\x65\x28\x73\
\x6b\x62\x2c\x20\x30\x2c\x20\x26\x69\x70\x36\x2c\x20\x73\x69\x7a\x65\x6f\x66\
\x28\x69\x70\x36\x29\x2c\0\x20\x20\x20\x20\x20\x20\x20\x20\x69\x6e\x66\x6f\x2d\
\x3e\x69\x6e\x36\x5f\x73\x72\x63\x20\x3d\x20\x69\x70\x36\x2e\x73\x61\x64\x64\
\x72\x3b\0\x20\x20\x20\x20\x20\x20\x20\x20\x69\x6e\x66\x6f\x2d\x3e\x69\x6e\x36\
\x5f\x64\x73\x74\x20\x3d\x20\x69\x70\x36\x2e\x64\x61\x64\x64\x72\x3b\0\x20\x20\
\x20\x20\x20\x20\x20\x20\x6c\x34\x5f\x70\x72\x6f\x74\x6f\x63\x6f\x6c\x20\x3d\
\x20\x69\x70\x36\x2e\x6e\x65\x78\x74\x68\x64\x72\x3b\0\x20\x20\x20\x20\x73\x77\
\x69\x74\x63\x68\x20\x28\x68\x64\x72\x5f\x74\x79\x70\x65\x29\x20\x7b\0\x20\x20\
\x20\x20\x73\x74\x72\x75\x63\x74\x20\x69\x70\x76\x36\x5f\x6f\x70\x74\x5f\x68\
\x64\x72\x20\x65\x78\x74\x5f\x68\x64\x72\x20\x3d\x20\x7b\x7d\x3b\0\x20\x20\x20\
\x20\x20\x20\x20\x20\x65\x72\x72\x20\x3d\x20\x62\x70\x66\x5f\x73\x6b\x62\x5f\
\x6c\x6f\x61\x64\x5f\x62\x79\x74\x65\x73\x5f\x72\x65\x6c\x61\x74\x69\x76\x65\
\x28\x73\x6b\x62\x2c\x20\x2a\x6c\x34\x5f\x6f\x66\x66\x73\x65\x74\x2c\x20\x26\
\x65\x78\x74\x5f\x68\x64\x72\x2c\0\x20\x20\x20\x20\x20\x20\x20\x20\x69\x66\x20\
\x28\x2a\x6c\x34\x5f\x70\x72\x6f\x74\x6f\x63\x6f\x6c\x20\x3d\x3d\x20\x49\x50\
\x50\x52\x4f\x54\x4f\x5f\x52\x4f\x55\x54\x49\x4e\x47\x29\x20\x7b\0\x20\x20\x20\
\x20\x20\x20\x20\x20\x20\x20\x20\x20\x73\x74\x72\x75\x63\x74\x20\x69\x70\x76\
\x36\x5f\x72\x74\x5f\x68\x64\x72\x20\x65\x78\x74\x5f\x72\x74\x20\x3d\x20\x7b\
\x7d\x3b\0\x20\x20\x20\x20\x20\x20\x20\x20\x20\x20\x20\x20\x65\x72\x72\x20\x3d\
\x20\x62\x70\x66\x5f\x73\x6b\x62\x5f\x6c\x6f\x61\x64\x5f\x62\x79\x74\x65\x73\
\x5f\x72\x65\x6c\x61\x74\x69\x76\x65\x28\x73\x6b\x62\x2c\x20\x2a\x6c\x34\x5f\
\x6f\x66\x66\x73\x65\x74\x2c\x20\x26\x65\x78\x74\x5f\x72\x74\x2c\0\x20\x20\x20\
\x20\x20\x20\x20\x20\x20\x20\x20\x20\x69\x66\x20\x28\x28\x65\x78\x74\x5f\x72\
\x74\x2e\x74\x79\x70\x65\x20\x3d\x3d\x20\x49\x50\x56\x36\x5f\x53\x52\x43\x52\
\x54\x5f\x54\x59\x50\x45\x5f\x32\x29\x20\x26\x26\0\x20\x20\x20\x20\x20\x20\x20\
\x20\x20\x20\x20\x20\x20\x20\x20\x20\x20\x20\x20\x20\x2a\x6c\x34\x5f\x6f\x66\
\x66\x73\x65\x74\x20\x2b\x20\x6f\x66\x66\x73\x65\x74\x6f\x66\x28\x73\x74\x72\
\x75\x63\x74\x20\x72\x74\x32\x5f\x68\x64\x72\x2c\x20\x61\x64\x64\x72\x29\x2c\0\
\x20\x20\x20\x20\x20\x20\x20\x20\x20\x20\x20\x20\x20\x20\x20\x20\x65\x72\x72\
\x20\x3d\x20\x62\x70\x66\x5f\x73\x6b\x62\x5f\x6c\x6f\x61\x64\x5f\x62\x79\x74\
\x65\x73\x5f\x72\x65\x6c\x61\x74\x69\x76\x65\x28\x73\x6b\x62\x2c\0\x20\x20\x20\
\x20\x20\x20\x20\x20\x20\x20\x20\x20\x20\x20\x20\x20\x69\x66\x20\x28\x65\x72\
\x72\x29\x20\x7b\0\x20\x20\x20\x20\x20\x20\x20\x20\x20\x20\x20\x20\x20\x20\x20\
\x20\x69\x6e\x66\x6f\x2d\x3e\x69\x73\x5f\x69\x70\x76\x36\x5f\x65\x78\x74\x5f\
\x64\x73\x74\x20\x3d\x20\x31\x3b\0\x20\x20\x20\x20\x20\x20\x20\x20\x20\x20\x20\
\x20\x7d\x20\x5f\x5f\x61\x74\x74\x72\x69\x62\x75\x74\x65\x5f\x5f\x28\x28\x70\
\x61\x63\x6b\x65\x64\x29\x29\x20\x6f\x70\x74\x20\x3d\x20\x7b\x7d\x3b\0\x20\x20\
\x20\x20\x20\x20\x20\x20\x20\x20\x20\x20\x20\x20\x20\x20\x6f\x70\x74\x5f\x6f\
\x66\x66\x73\x65\x74\x20\x2b\x3d\x20\x28\x6f\x70\x74\x2e\x74\x79\x70\x65\x20\
\x3d\x3d\x20\x49\x50\x56\x36\x5f\x54\x4c\x56\x5f\x50\x41\x44\x31\x29\x20\x3f\0\
\x20\x20\x20\x20\x20\x20\x20\x20\x20\x20\x20\x20\x20\x20\x20\x20\x69\x66\x20\
\x28\x6f\x70\x74\x5f\x6f\x66\x66\x73\x65\x74\x20\x2b\x20\x31\x20\x3e\x3d\x20\
\x65\x78\x74\x5f\x68\x64\x72\x2e\x68\x64\x72\x6c\x65\x6e\x20\x2a\x20\x38\x29\
\x20\x7b\0\x20\x20\x20\x20\x20\x20\x20\x20\x20\x20\x20\x20\x20\x20\x20\x20\x65\
\x72\x72\x20\x3d\x20\x62\x70\x66\x5f\x73\x6b\x62\x5f\x6c\x6f\x61\x64\x5f\x62\
\x79\x74\x65\x73\x5f\x72\x65\x6c\x61\x74\x69\x76\x65\x28\x73\x6b\x62\x2c\x20\
\x2a\x6c\x34\x5f\x6f\x66\x66\x73\x65\x74\x20\x2b\x20\x6f\x70\x74\x5f\x6f\x66\
\x66\x73\x65\x74\x2c\0\x20\x20\x20\x20\x20\x20\x20\x20\x20\x20\x20\x20\x20\x20\
\x20\x20\x69\x66\x20\x28\x6f\x70\x74\x2e\x74\x79\x70\x65\x20\x3d\x3d\x20\x49\
\x50\x56\x36\x5f\x54\x4c\x56\x5f\x48\x41\x4f\x29\x20\x7b\0\x20\x20\x20\x20\x20\
\x20\x20\x20\x20\x20\x20\x20\x20\x20\x20\x20\x20\x20\x20\x20\x20\x20\x20\x20\
\x2a\x6c\x34\x5f\x6f\x66\x66\x73\x65\x74\x20\x2b\x20\x6f\x70\x74\x5f\x6f\x66\
\x66\x73\x65\x74\0\x20\x20\x20\x20\x20\x20\x20\x20\x20\x20\x20\x20\x20\x20\x20\
\x20\x20\x20\x20\x20\x65\x72\x72\x20\x3d\x20\x62\x70\x66\x5f\x73\x6b\x62\x5f\
\x6c\x6f\x61\x64\x5f\x62\x79\x74\x65\x73\x5f\x72\x65\x6c\x61\x74\x69\x76\x65\
\x28\x73\x6b\x62\x2c\0\x20\x20\x20\x20\x20\x20\x20\x20\x20\x20\x20\x20\x20\x20\
\x20\x20\x20\x20\x20\x20\x69\x66\x20\x28\x65\x72\x72\x29\x20\x7b\0\x20\x20\x20\
\x20\x20\x20\x20\x20\x20\x20\x20\x20\x20\x20\x20\x20\x20\x20\x20\x20\x69\x6e\
\x66\x6f\x2d\x3e\x69\x73\x5f\x69\x70\x76\x36\x5f\x65\x78\x74\x5f\x73\x72\x63\
\x20\x3d\x20\x31\x3b\0\x20\x20\x20\x20\x20\x20\x20\x20\x20\x20\x20\x20\x69\x6e\
\x66\x6f\x2d\x3e\x69\x73\x5f\x66\x72\x61\x67\x6d\x65\x6e\x74\x65\x64\x20\x3d\
\x20\x74\x72\x75\x65\x3b\0\x20\x20\x20\x20\x20\x20\x20\x20\x2a\x6c\x34\x5f\x6f\
\x66\x66\x73\x65\x74\x20\x2b\x3d\x20\x28\x65\x78\x74\x5f\x68\x64\x72\x2e\x68\
\x64\x72\x6c\x65\x6e\x20\x2b\x20\x31\x29\x20\x2a\x20\x38\x3b\0\x20\x20\x20\x20\
\x20\x20\x20\x20\x2a\x6c\x34\x5f\x70\x72\x6f\x74\x6f\x63\x6f\x6c\x20\x3d\x20\
\x65\x78\x74\x5f\x68\x64\x72\x2e\x6e\x65\x78\x74\x68\x64\x72\x3b\0\x20\x20\x20\
\x20\x66\x6f\x72\x20\x28\x75\x6e\x73\x69\x67\x6e\x65\x64\x20\x69\x6e\x74\x20\
\x69\x20\x3d\x20\x30\x3b\x20\x69\x20\x3c\x20\x49\x50\x36\x5f\x45\x58\x54\x45\
\x4e\x53\x49\x4f\x4e\x53\x5f\x43\x4f\x55\x4e\x54\x3b\x20\x2b\x2b\x69\x29\x20\
\x7b\0\x20\x20\x20\x20\x7d\x20\x65\x6c\x73\x65\x20\x69\x66\x20\x28\x70\x61\x63\
\x6b\x65\x74\x5f\x69\x6e\x66\x6f\x2e\x69\x73\x5f\x69\x70\x76\x36\x29\x20\x7b\0\
\x20\x20\x20\x20\x20\x20\x20\x20\x20\x20\x20\x20\x69\x66\x20\x28\x70\x61\x63\
\x6b\x65\x74\x5f\x69\x6e\x66\x6f\x2e\x69\x73\x5f\x69\x70\x76\x36\x5f\x65\x78\
\x74\x5f\x64\x73\x74\x20\x26\x26\0\x20\x20\x20\x20\x20\x20\x20\x20\x20\x20\x20\
\x20\x69\x66\x20\x28\x70\x61\x63\x6b\x65\x74\x5f\x69\x6e\x66\x6f\x2e\x69\x73\
\x5f\x69\x70\x76\x36\x5f\x65\x78\x74\x5f\x73\x72\x63\x20\x26\x26\0\x20\x20\x20\
\x20\x20\x20\x20\x20\x7d\x20\x65\x6c\x73\x65\x20\x69\x66\x20\x28\x70\x61\x63\
\x6b\x65\x74\x5f\x69\x6e\x66\x6f\x2e\x69\x73\x5f\x75\x64\x70\x20\x26\x26\0\x20\
\x20\x20\x20\x20\x20\x20\x20\x7d\x20\x65\x6c\x73\x65\x20\x69\x66\x20\x28\x63\
\x6f\x6e\x66\x69\x67\x2d\x3e\x68\x61\x73\x68\x5f\x74\x79\x70\x65\x73\x20\x26\
\x20\x56\x49\x52\x54\x49\x4f\x5f\x4e\x45\x54\x5f\x52\x53\x53\x5f\x48\x41\x53\
\x48\x5f\x54\x59\x50\x45\x5f\x49\x50\x76\x34\x29\x20\x7b\0\x20\x20\x20\x20\x5f\
\x5f\x62\x75\x69\x6c\x74\x69\x6e\x5f\x6d\x65\x6d\x63\x70\x79\x28\x26\x72\x73\
\x73\x5f\x69\x6e\x70\x75\x74\x5b\x2a\x62\x79\x74\x65\x73\x5f\x77\x72\x69\x74\
\x74\x65\x6e\x5d\x2c\x20\x70\x74\x72\x2c\x20\x73\x69\x7a\x65\x29\x3b\0\x20\x20\
\x20\x20\x20\x20\x20\x20\x20\x20\x20\x20\x69\x6e\x66\x6f\x2d\x3e\x69\x73\x5f\
\x75\x64\x70\x20\x3d\x20\x31\x3b\0\x20\x20\x20\x20\x20\x20\x20\x20\x20\x20\x20\
\x20\x73\x74\x72\x75\x63\x74\x20\x75\x64\x70\x68\x64\x72\x20\x75\x64\x70\x20\
\x3d\x20\x7b\x7d\x3b\0\x20\x20\x20\x20\x20\x20\x20\x20\x20\x20\x20\x20\x65\x72\
\x72\x20\x3d\x20\x62\x70\x66\x5f\x73\x6b\x62\x5f\x6c\x6f\x61\x64\x5f\x62\x79\
\x74\x65\x73\x5f\x72\x65\x6c\x61\x74\x69\x76\x65\x28\x73\x6b\x62\x2c\x20\x6c\
\x34\x5f\x6f\x66\x66\x73\x65\x74\x2c\x20\x26\x75\x64\x70\x2c\x20\x73\x69\x7a\
\x65\x6f\x66\x28\x75\x64\x70\x29\x2c\0\x20\x20\x20\x20\x20\x20\x20\x20\x7d\x20\
\x65\x6c\x73\x65\x20\x69\x66\x20\x28\x63\x6f\x6e\x66\x69\x67\x2d\x3e\x68\x61\
\x73\x68\x5f\x74\x79\x70\x65\x73\x20\x26\x20\x56\x49\x52\x54\x49\x4f\x5f\x4e\
\x45\x54\x5f\x52\x53\x53\x5f\x48\x41\x53\x48\x5f\x54\x59\x50\x45\x5f\x49\x50\
\x76\x36\x29\x20\x7b\0\x20\x20\x20\x20\x66\x6f\x72\x20\x28\x62\x79\x74\x65\x20\
\x3d\x20\x30\x3b\x20\x62\x79\x74\x65\x20\x3c\x20\x48\x41\x53\x48\x5f\x43\x41\
\x4c\x43\x55\x4c\x41\x54\x49\x4f\x4e\x5f\x42\x55\x46\x46\x45\x52\x5f\x53\x49\
\x5a\x45\x3b\x20\x62\x79\x74\x65\x2b\x2b\x29\x20\x7b\0\x20\x20\x20\x20\x5f\x5f\
\x75\x33\x32\x20\x6c\x65\x66\x74\x6d\x6f\x73\x74\x5f\x33\x32\x5f\x62\x69\x74\
\x73\x20\x3d\x20\x6b\x65\x79\x2d\x3e\x6c\x65\x66\x74\x6d\x6f\x73\x74\x5f\x33\
\x32\x5f\x62\x69\x74\x73\x3b\0\x20\x20\x20\x20\x20\x20\x20\x20\x5f\x5f\x75\x38\
\x20\x69\x6e\x70\x75\x74\x5f\x62\x79\x74\x65\x20\x3d\x20\x69\x6e\x70\x75\x74\
\x5b\x62\x79\x74\x65\x5d\x3b\0\x20\x20\x20\x20\x20\x20\x20\x20\x20\x20\x20\x20\
\x69\x66\x20\x28\x69\x6e\x70\x75\x74\x5f\x62\x79\x74\x65\x20\x26\x20\x28\x31\
\x20\x3c\x3c\x20\x37\x29\x29\x20\x7b\0\x20\x20\x20\x20\x20\x20\x20\x20\x5f\x5f\
\x75\x38\x20\x6b\x65\x79\x5f\x62\x79\x74\x65\x20\x3d\x20\x6b\x65\x79\x2d\x3e\
\x6e\x65\x78\x74\x5f\x62\x79\x74\x65\x5b\x62\x79\x74\x65\x5d\x3b\0\x20\x20\x20\
\x20\x20\x20\x20\x20\x20\x20\x20\x20\x20\x20\x20\x20\x20\x20\x20\x20\x28\x6c\
\x65\x66\x74\x6d\x6f\x73\x74\x5f\x33\x32\x5f\x62\x69\x74\x73\x20\x3c\x3c\x20\
\x31\x29\x20\x7c\x20\x28\x28\x6b\x65\x79\x5f\x62\x79\x74\x65\x20\x26\x20\x28\
\x31\x20\x3c\x3c\x20\x37\x29\x29\x20\x3e\x3e\x20\x37\x29\x3b\0\x20\x20\x20\x20\
\x20\x20\x20\x20\x69\x66\x20\x28\x68\x61\x73\x68\x29\x20\x7b\0\x20\x20\x20\x20\
\x20\x20\x20\x20\x20\x20\x20\x20\x5f\x5f\x75\x33\x32\x20\x74\x61\x62\x6c\x65\
\x5f\x69\x64\x78\x20\x3d\x20\x68\x61\x73\x68\x20\x25\x20\x63\x6f\x6e\x66\x69\
\x67\x2d\x3e\x69\x6e\x64\x69\x72\x65\x63\x74\x69\x6f\x6e\x73\x5f\x6c\x65\x6e\
\x3b\0\x20\x20\x20\x20\x20\x20\x20\x20\x20\x20\x20\x20\x20\x20\x20\x20\x26\x26\
\x20\x74\x61\x62\x6c\x65\x5f\x69\x64\x78\x20\x3c\x20\x63\x6f\x6e\x66\x69\x67\
\x2d\x3e\x69\x6e\x64\x69\x72\x65\x63\x74\x69\x6f\x6e\x73\x5f\x6c\x65\x6e\x29\
\x20\x7b\0\x20\x20\x20\x20\x20\x20\x20\x20\x20\x20\x20\x20\x20\x20\x20\x20\x72\
\x65\x74\x75\x72\x6e\x20\x63\x6f\x6e\x66\x69\x67\x2d\x3e\x69\x6e\x64\x69\x72\
\x65\x63\x74\x69\x6f\x6e\x73\x5f\x74\x61\x62\x6c\x65\x5b\x74\x61\x62\x6c\x65\
\x5f\x69\x64\x78\x5d\x3b\0\x63\x68\x61\x72\0\x5f\x6c\x69\x63\x65\x6e\x73\x65\0\
\x2e\x6d\x61\x70\x73\0\x6c\x69\x63\x65\x6e\x73\x65\0\x62\x70\x66\x5f\x66\x6c\
\x6f\x77\x5f\x6b\x65\x79\x73\0\x62\x70\x66\x5f\x73\x6f\x63\x6b\0\x9f\xeb\x01\0\
\x20\0\0\0\0\0\0\0\x14\0\0\0\x14\0\0\0\x2c\x0c\0\0\x40\x0c\0\0\0\0\0\0\x08\0\0\
\0\xf9\x01\0\0\x01\0\0\0\0\0\0\0\x1e\0\0\0\x10\0\0\0\xf9\x01\0\0\xc2\0\0\0\0\0\
\0\0\x0a\x02\0\0\x3a\x02\0\0\0\x30\x08\0\x10\0\0\0\x0a\x02\0\0\x6b\x02\0\0\x0b\
\x44\x08\0\x20\0\0\0\x0a\x02\0\0\0\0\0\0\0\0\0\0\x28\0\0\0\x0a\x02\0\0\x7e\x02\
\0\0\x0e\x50\x08\0\x58\0\0\0\x0a\x02\0\0\xc3\x02\0\0\x09\x58\x08\0\x60\0\0\0\
\x0a\x02\0\0\xd5\x02\0\0\x16\x5c\x08\0\x68\0\0\0\x0a\x02\0\0\xd5\x02\0\0\x0d\
\x5c\x08\0\x70\0\0\0\x0a\x02\0\0\0\0\0\0\0\0\0\0\x98\0\0\0\x0a\x02\0\0\xf6\x02\
\0\0\x01\xa4\x08\0\xa8\0\0\0\x0a\x02\0\0\xf8\x02\0\0\x0a\xd8\x05\0\xd0\0\0\0\
\x0a\x02\0\0\x2f\x03\0\0\x1f\xe8\x05\0\x20\x01\0\0\x0a\x02\0\0\x5f\x03\0\0\x0f\
\x7c\x04\0\x28\x01\0\0\x0a\x02\0\0\x78\x03\0\0\x0c\xfc\x03\0\x38\x01\0\0\x0a\
\x02\0\0\0\0\0\0\0\0\0\0\x40\x01\0\0\x0a\x02\0\0\x8c\x03\0\0\x0b\x08\x04\0\x78\
\x01\0\0\x0a\x02\0\0\xd2\x03\0\0\x09\x10\x04\0\x88\x01\0\0\x0a\x02\0\0\xe1\x03\
\0\0\x0d\x20\x04\0\xa0\x01\0\0\x0a\x02\0\0\xe1\x03\0\0\x05\x20\x04\0\xc0\x01\0\
\0\x0a\x02\0\0\0\0\0\0\0\0\0\0\xc8\x01\0\0\x0a\x02\0\0\xff\x03\0\0\x0f\x34\x04\
\0\xf8\x01\0\0\x0a\x02\0\0\xd2\x03\0\0\x09\x4c\x04\0\0\x02\0\0\x0a\x02\0\0\x49\
\x04\0\0\x0c\x5c\x04\0\x08\x02\0\0\x0a\x02\0\0\x59\x04\0\0\x09\x98\x04\0\x28\
\x02\0\0\x0a\x02\0\0\x75\x04\0\0\x17\xb0\x04\0\x38\x02\0\0\x0a\x02\0\0\x90\x04\
\0\0\x16\xb8\x04\0\x58\x02\0\0\x0a\x02\0\0\x75\x04\0\0\x17\xb0\x04\0\x60\x02\0\
\0\x0a\x02\0\0\xae\x04\0\0\x0f\xbc\x04\0\x98\x02\0\0\x0a\x02\0\0\xf1\x04\0\0\
\x0d\xc4\x04\0\xa0\x02\0\0\x0a\x02\0\0\x04\x05\0\0\x24\xdc\x04\0\xa8\x02\0\0\
\x0a\x02\0\0\x04\x05\0\0\x20\xdc\x04\0\xb8\x02\0\0\x0a\x02\0\0\x31\x05\0\0\x1b\
\xd4\x04\0\xc0\x02\0\0\x0a\x02\0\0\x31\x05\0\0\x16\xd4\x04\0\xc8\x02\0\0\x0a\
\x02\0\0\x52\x05\0\0\x1b\xd8\x04\0\xd0\x02\0\0\x0a\x02\0\0\x52\x05\0\0\x16\xd8\
\x04\0\xd8\x02\0\0\x0a\x02\0\0\x73\x05\0\0\x1a\xe4\x04\0\xe0\x02\0\0\x0a\x02\0\
\0\x04\x05\0\0\x1d\xdc\x04\0\xe8\x02\0\0\x0a\x02\0\0\x96\x05\0\0\x18\xe8\x04\0\
\xf0\x02\0\0\x0a\x02\0\0\x96\x05\0\0\x1c\xe8\x04\0\0\x03\0\0\x0a\x02\0\0\xb6\
\x05\0\0\x15\x44\x05\0\x10\x03\0\0\x0a\x02\0\0\xb6\x05\0\0\x1a\x44\x05\0\x28\
\x03\0\0\x0a\x02\0\0\xea\x05\0\0\x0d\x48\x05\0\x48\x03\0\0\x0a\x02\0\0\x14\x06\
\0\0\x1a\x4c\x05\0\x58\x03\0\0\x0a\x02\0\0\x32\x06\0\0\x1b\x54\x05\0\x78\x03\0\
\0\x0a\x02\0\0\x14\x06\0\0\x1a\x4c\x05\0\x80\x03\0\0\x0a\x02\0\0\x56\x06\0\0\
\x13\x58\x05\0\xb0\x03\0\0\x0a\x02\0\0\xa7\x06\0\0\x11\x60\x05\0\xb8\x03\0\0\
\x0a\x02\0\0\0\0\0\0\0\0\0\0\xd8\x03\0\0\x0a\x02\0\0\xbe\x06\0\0\x15\x04\x06\0\
\xe0\x03\0\0\x0a\x02\0\0\xbe\x06\0\0\x09\x04\x06\0\xe8\x03\0\0\x0a\x02\0\0\0\0\
\0\0\0\0\0\0\x38\x04\0\0\x0a\x02\0\0\xdd\x06\0\0\x19\x08\x06\0\x40\x04\0\0\x0a\
\x02\0\0\xdd\x06\0\0\x20\x08\x06\0\x60\x04\0\0\x0a\x02\0\0\0\0\0\0\0\0\0\0\xb0\
\x04\0\0\x0a\x02\0\0\xff\x06\0\0\x17\xf0\x04\0\xc0\x04\0\0\x0a\x02\0\0\x1a\x07\
\0\0\x18\xf8\x04\0\xf0\x04\0\0\x0a\x02\0\0\xff\x06\0\0\x17\xf0\x04\0\0\x05\0\0\
\x0a\x02\0\0\x3b\x07\0\0\x0f\xfc\x04\0\x38\x05\0\0\x0a\x02\0\0\xf1\x04\0\0\x0d\
\x04\x05\0\x40\x05\0\0\x0a\x02\0\0\x80\x07\0\0\x1d\x14\x05\0\x80\x05\0\0\x0a\
\x02\0\0\xa3\x07\0\0\x1d\x18\x05\0\xc0\x05\0\0\x0a\x02\0\0\xc6\x07\0\0\x1b\x20\
\x05\0\xc8\x05\0\0\x0a\x02\0\0\xe9\x07\0\0\x05\x0c\x02\0\x10\x06\0\0\x0a\x02\0\
\0\x01\x08\0\0\x19\x94\x02\0\x70\x06\0\0\x0a\x02\0\0\0\0\0\0\0\0\0\0\x78\x06\0\
\0\x0a\x02\0\0\x27\x08\0\0\x0f\xa4\x02\0\xb0\x06\0\0\x0a\x02\0\0\xf1\x04\0\0\
\x0d\xac\x02\0\xc0\x06\0\0\x0a\x02\0\0\x6c\x08\0\0\x0d\xbc\x02\0\xe0\x06\0\0\
\x0a\x02\0\0\x9b\x08\0\0\x20\xc0\x02\0\0\x07\0\0\x0a\x02\0\0\xc7\x08\0\0\x13\
\xc8\x02\0\x40\x07\0\0\x0a\x02\0\0\xa7\x06\0\0\x11\xd0\x02\0\x48\x07\0\0\x0a\
\x02\0\0\x0f\x09\0\0\x19\xe0\x02\0\x50\x07\0\0\x0a\x02\0\0\x0f\x09\0\0\x34\xe0\
\x02\0\x78\x07\0\0\x0a\x02\0\0\x45\x09\0\0\x15\xf4\x02\0\x88\x07\0\0\x0a\x02\0\
\0\x86\x09\0\0\x17\xf0\x02\0\xc8\x07\0\0\x0a\x02\0\0\xbd\x09\0\0\x15\0\x03\0\
\xd0\x07\0\0\x0a\x02\0\0\xd8\x09\0\0\x27\x10\x03\0\0\x08\0\0\x0a\x02\0\0\x03\
\x0a\0\0\x27\x2c\x03\0\x10\x08\0\0\x0a\x02\0\0\x33\x0a\0\0\x1c\x90\x03\0\x18\
\x08\0\0\x0a\x02\0\0\x6f\x0a\0\0\x20\x9c\x03\0\x28\x08\0\0\x0a\x02\0\0\x6f\x0a\
\0\0\x2f\x9c\x03\0\x30\x08\0\0\x0a\x02\0\0\x6f\x0a\0\0\x36\x9c\x03\0\x38\x08\0\
\0\x0a\x02\0\0\x6f\x0a\0\0\x15\x9c\x03\0\xa0\x08\0\0\x0a\x02\0\0\xab\x0a\0\0\
\x43\x40\x03\0\xc0\x08\0\0\x0a\x02\0\0\0\0\0\0\0\0\0\0\xc8\x08\0\0\x0a\x02\0\0\
\xab\x0a\0\0\x17\x40\x03\0\x08\x09\0\0\x0a\x02\0\0\xbd\x09\0\0\x15\x48\x03\0\
\x10\x09\0\0\x0a\x02\0\0\xfb\x0a\0\0\x19\x58\x03\0\x18\x09\0\0\x0a\x02\0\0\xfb\
\x0a\0\0\x15\x58\x03\0\x20\x09\0\0\x0a\x02\0\0\x2b\x0b\0\0\x19\x60\x03\0\x28\
\x09\0\0\x0a\x02\0\0\x5b\x0b\0\0\x1b\x5c\x03\0\x70\x09\0\0\x0a\x02\0\0\x96\x0b\
\0\0\x19\x70\x03\0\x78\x09\0\0\x0a\x02\0\0\xb5\x0b\0\0\x2b\x80\x03\0\x98\x09\0\
\0\x0a\x02\0\0\x33\x0a\0\0\x1f\x90\x03\0\xb8\x09\0\0\x0a\x02\0\0\xe4\x0b\0\0\
\x21\xb0\x03\0\xc8\x09\0\0\x0a\x02\0\0\x0c\x0c\0\0\x20\xc0\x03\0\xd0\x09\0\0\
\x0a\x02\0\0\x0c\x0c\0\0\x2c\xc0\x03\0\xe0\x09\0\0\x0a\x02\0\0\x0c\x0c\0\0\x14\
\xc0\x03\0\xe8\x09\0\0\x0a\x02\0\0\x3c\x0c\0\0\x20\xbc\x03\0\xf0\x09\0\0\x0a\
\x02\0\0\xe9\x07\0\0\x05\x0c\x02\0\x38\x0a\0\0\x0a\x02\0\0\x64\x0c\0\0\x38\x9c\
\x02\0\x58\x0a\0\0\x0a\x02\0\0\x64\x0c\0\0\x05\x9c\x02\0\x78\x0a\0\0\x0a\x02\0\
\0\xe9\x07\0\0\x05\x0c\x02\0\x88\x0a\0\0\x0a\x02\0\0\xa2\x0c\0\0\x1c\xa0\x06\0\
\x90\x0a\0\0\x0a\x02\0\0\xa2\x0c\0\0\x10\xa0\x06\0\x98\x0a\0\0\x0a\x02\0\0\0\0\
\0\0\0\0\0\0\xe8\x0a\0\0\x0a\x02\0\0\xdd\x06\0\0\x19\xa4\x06\0\xf0\x0a\0\0\x0a\
\x02\0\0\xdd\x06\0\0\x20\xa4\x06\0\x28\x0b\0\0\x0a\x02\0\0\xc8\x0c\0\0\x2d\xdc\
\x06\0\x38\x0b\0\0\x0a\x02\0\0\xc8\x0c\0\0\x1d\xdc\x06\0\x40\x0b\0\0\x0a\x02\0\
\0\xc8\x0c\0\0\x2d\xdc\x06\0\x50\x0b\0\0\x0a\x02\0\0\xf7\x0c\0\0\x2d\xb0\x06\0\
\x80\x0b\0\0\x0a\x02\0\0\xf7\x0c\0\0\x1d\xb0\x06\0\x90\x0b\0\0\x0a\x02\0\0\xf7\
\x0c\0\0\x2d\xb0\x06\0\xa0\x0b\0\0\x0a\x02\0\0\0\0\0\0\0\0\0\0\x70\x0c\0\0\x0a\
\x02\0\0\x26\x0d\0\0\x20\x44\x06\0\x78\x0c\0\0\x0a\x02\0\0\x26\x0d\0\0\x27\x44\
\x06\0\xa0\x0c\0\0\x0a\x02\0\0\x4f\x0d\0\0\x27\x80\x06\0\xa8\x0c\0\0\x0a\x02\0\
\0\x4f\x0d\0\0\x14\x80\x06\0\xb0\x0c\0\0\x0a\x02\0\0\x98\x0d\0\0\x05\x74\x01\0\
\xc0\x0c\0\0\x0a\x02\0\0\x98\x0d\0\0\x05\x74\x01\0\xf0\x0c\0\0\x0a\x02\0\0\0\0\
\0\0\0\0\0\0\0\x0d\0\0\x0a\x02\0\0\0\0\0\0\0\0\0\0\x10\x0d\0\0\x0a\x02\0\0\x26\
\x0d\0\0\x20\x20\x07\0\x18\x0d\0\0\x0a\x02\0\0\x26\x0d\0\0\x27\x20\x07\0\x50\
\x0d\0\0\x0a\x02\0\0\xc8\x0c\0\0\x2d\x58\x07\0\x60\x0d\0\0\x0a\x02\0\0\xc8\x0c\
\0\0\x1d\x58\x07\0\x68\x0d\0\0\x0a\x02\0\0\xc8\x0c\0\0\x2d\x58\x07\0\x78\x0d\0\
\0\x0a\x02\0\0\xf7\x0c\0\0\x2d\x2c\x07\0\xa8\x0d\0\0\x0a\x02\0\0\xf7\x0c\0\0\
\x1d\x2c\x07\0\xb8\x0d\0\0\x0a\x02\0\0\xf7\x0c\0\0\x2d\x2c\x07\0\xd0\x0d\0\0\
\x0a\x02\0\0\xd5\x0d\0\0\x1a\x7c\x05\0\xe0\x0d\0\0\x0a\x02\0\0\xf3\x0d\0\0\x1b\
\x84\x05\0\xf0\x0d\0\0\x0a\x02\0\0\xd5\x0d\0\0\x1a\x7c\x05\0\xf8\x0d\0\0\x0a\
\x02\0\0\x17\x0e\0\0\x13\x88\x05\0\x28\x0e\0\0\x0a\x02\0\0\xa7\x06\0\0\x11\x90\
\x05\0\x38\x0e\0\0\x0a\x02\0\0\xe9\x07\0\0\x05\x0c\x02\0\x48\x0e\0\0\x0a\x02\0\
\0\x68\x0e\0\0\x27\xa4\x07\0\x58\x0e\0\0\x0a\x02\0\0\x68\x0e\0\0\x14\xa4\x07\0\
\x78\x0e\0\0\x0a\x02\0\0\xf7\x0c\0\0\x2d\xa8\x07\0\x88\x0e\0\0\x0a\x02\0\0\xf7\
\x0c\0\0\x1d\xa8\x07\0\x90\x0e\0\0\x0a\x02\0\0\xf7\x0c\0\0\x2d\xa8\x07\0\xb8\
\x0e\0\0\x0a\x02\0\0\0\0\0\0\0\0\0\0\x08\x0f\0\0\x0a\x02\0\0\xc8\x0c\0\0\x1d\
\xd4\x07\0\x10\x0f\0\0\x0a\x02\0\0\xc8\x0c\0\0\x2d\xd4\x07\0\x20\x0f\0\0\x0a\
\x02\0\0\x98\x0d\0\0\x05\x74\x01\0\x78\x0f\0\0\x0a\x02\0\0\x98\x0d\0\0\x05\x74\
\x01\0\xb8\x0f\0\0\x0a\x02\0\0\0\0\0\0\0\0\0\0\xd0\x0f\0\0\x0a\x02\0\0\xb1\x0e\
\0\0\x05\xac\x01\0\xe0\x0f\0\0\x0a\x02\0\0\xf3\x0e\0\0\x23\xa0\x01\0\xf8\x0f\0\
\0\x0a\x02\0\0\0\0\0\0\0\0\0\0\0\x10\0\0\x0a\x02\0\0\x27\x0f\0\0\x1b\xb0\x01\0\
\x20\x10\0\0\x0a\x02\0\0\x4e\x0f\0\0\x11\xc4\x01\0\x38\x10\0\0\x0a\x02\0\0\x77\
\x0f\0\0\x19\xb4\x01\0\x50\x10\0\0\x0a\x02\0\0\xa5\x0f\0\0\x27\xd8\x01\0\x58\
\x10\0\0\x0a\x02\0\0\xa5\x0f\0\0\x46\xd8\x01\0\x68\x10\0\0\x0a\x02\0\0\xa5\x0f\
\0\0\x2d\xd8\x01\0\x70\x10\0\0\x0a\x02\0\0\x4e\x0f\0\0\x11\xc4\x01\0\x98\x10\0\
\0\x0a\x02\0\0\xa5\x0f\0\0\x46\xd8\x01\0\xb0\x10\0\0\x0a\x02\0\0\xa5\x0f\0\0\
\x27\xd8\x01\0\xb8\x10\0\0\x0a\x02\0\0\xa5\x0f\0\0\x2d\xd8\x01\0\xc0\x10\0\0\
\x0a\x02\0\0\x4e\x0f\0\0\x11\xc4\x01\0\xe8\x10\0\0\x0a\x02\0\0\xa5\x0f\0\0\x27\
\xd8\x01\0\xf0\x10\0\0\x0a\x02\0\0\xa5\x0f\0\0\x46\xd8\x01\0\x08\x11\0\0\x0a\
\x02\0\0\xa5\x0f\0\0\x2d\xd8\x01\0\x10\x11\0\0\x0a\x02\0\0\x4e\x0f\0\0\x11\xc4\
\x01\0\x38\x11\0\0\x0a\x02\0\0\xa5\x0f\0\0\x27\xd8\x01\0\x40\x11\0\0\x0a\x02\0\
\0\xa5\x0f\0\0\x46\xd8\x01\0\x58\x11\0\0\x0a\x02\0\0\xa5\x0f\0\0\x2d\xd8\x01\0\
\x60\x11\0\0\x0a\x02\0\0\x4e\x0f\0\0\x11\xc4\x01\0\x88\x11\0\0\x0a\x02\0\0\xa5\
\x0f\0\0\x46\xd8\x01\0\xa0\x11\0\0\x0a\x02\0\0\xa5\x0f\0\0\x27\xd8\x01\0\xa8\
\x11\0\0\x0a\x02\0\0\xa5\x0f\0\0\x2d\xd8\x01\0\xb0\x11\0\0\x0a\x02\0\0\x4e\x0f\
\0\0\x11\xc4\x01\0\xd8\x11\0\0\x0a\x02\0\0\xa5\x0f\0\0\x46\xd8\x01\0\xf0\x11\0\
\0\x0a\x02\0\0\xa5\x0f\0\0\x27\xd8\x01\0\xf8\x11\0\0\x0a\x02\0\0\xa5\x0f\0\0\
\x2d\xd8\x01\0\0\x12\0\0\x0a\x02\0\0\x4e\x0f\0\0\x11\xc4\x01\0\x28\x12\0\0\x0a\
\x02\0\0\xa5\x0f\0\0\x46\xd8\x01\0\x40\x12\0\0\x0a\x02\0\0\xa5\x0f\0\0\x27\xd8\
\x01\0\x48\x12\0\0\x0a\x02\0\0\xa5\x0f\0\0\x2d\xd8\x01\0\x50\x12\0\0\x0a\x02\0\
\0\x4e\x0f\0\0\x11\xc4\x01\0\x70\x12\0\0\x0a\x02\0\0\xa5\x0f\0\0\x46\xd8\x01\0\
\x78\x12\0\0\x0a\x02\0\0\xa5\x0f\0\0\x27\xd8\x01\0\x80\x12\0\0\x0a\x02\0\0\xa5\
\x0f\0\0\x2d\xd8\x01\0\x88\x12\0\0\x0a\x02\0\0\xb1\x0e\0\0\x3d\xac\x01\0\x98\
\x12\0\0\x0a\x02\0\0\xb1\x0e\0\0\x05\xac\x01\0\xa8\x12\0\0\x0a\x02\0\0\xf1\x0f\
\0\0\x0d\x70\x08\0\xb8\x12\0\0\x0a\x02\0\0\xf1\x0f\0\0\x0d\x70\x08\0\xc0\x12\0\
\0\x0a\x02\0\0\x05\x10\0\0\x2e\x74\x08\0\xe0\x12\0\0\x0a\x02\0\0\x05\x10\0\0\
\x24\x74\x08\0\0\x13\0\0\x0a\x02\0\0\x44\x10\0\0\x11\x80\x08\0\x08\x13\0\0\x0a\
\x02\0\0\x7f\x10\0\0\x18\x84\x08\0\x20\x13\0\0\x0a\x02\0\0\x7f\x10\0\0\x20\x84\
\x08\0\x28\x13\0\0\x0a\x02\0\0\x7f\x10\0\0\x18\x84\x08\0\x0c\0\0\0\xff\xff\xff\
\xff\x04\0\x08\0\x08\x7c\x0b\0\x14\0\0\0\0\0\0\0\0\0\0\0\0\0\0\0\x38\x13\0\0\0\
\0\0\0\x91\x05\0\0\x05\0\x08\0\x2e\x01\0\0\x08\x01\x01\xfb\x0e\x0d\0\x01\x01\
\x01\x01\0\0\0\x01\0\0\x01\x01\x01\x1f\x05\0\0\0\0\x26\0\0\0\x37\0\0\0\x50\0\0\
\0\x63\0\0\0\x03\x01\x1f\x02\x0f\x05\x1e\x0c\x81\0\0\0\0\xe4\xe1\x20\x4b\xd3\
\xac\xf1\xec\x0b\x4f\x26\x22\x2c\xc7\xe9\x6b\x8b\0\0\0\x01\x32\xb0\x94\x5d\xf6\
\x10\x15\xe3\xdd\x6b\xe9\xac\x5e\xa4\x27\x78\x9d\0\0\0\x02\xb8\x10\xf2\x70\x73\
\x3e\x10\x63\x19\xb6\x7e\xf5\x12\xc6\x24\x6e\xa8\0\0\0\x03\xae\x4a\xcb\x8c\xa8\
\xa1\x57\xc4\xc8\x5b\xd3\xbb\xee\x8d\x1a\x49\xae\0\0\0\x03\x9a\x7f\x04\x15\x5c\
\x25\x4f\xef\x1b\x7a\xda\x5e\xb8\x2c\x98\x4c\xb3\0\0\0\x03\x64\xbc\xf4\xb7\x31\
\x90\x66\x82\xde\x6e\x75\x06\x79\xb9\xf4\xa2\xbb\0\0\0\x03\x8b\xeb\xb7\x80\xb4\
\x5d\x3f\xe9\x32\xcc\x1d\x93\x4f\xa5\xf5\xfe\xc1\0\0\0\x04\x24\x99\xdd\x23\x61\
\xb9\x15\x72\x4b\x07\x32\x82\xbe\xa3\xa7\xbc\xca\0\0\0\x03\x91\xbb\x7f\x0e\xd6\
\x56\x02\x90\xb7\x54\x37\x4e\xff\xf8\x37\x69\xcf\0\0\0\x03\x4a\x65\xc8\x53\x49\
\xcc\x7a\x67\x07\x32\xae\xcc\x94\xea\xde\x8f\xd6\0\0\0\x03\x8d\x74\xbf\x21\x33\
\xe7\xb3\xda\xb8\x85\x99\x4b\x99\x16\xaa\x13\xdc\0\0\0\x03\x53\xc0\xd4\x2e\x1b\
\xf6\xd9\x3b\x39\x15\x17\x64\xbe\x2d\x20\xfb\x04\0\0\x09\x02\0\0\0\0\0\0\0\0\
\x03\x8c\x04\x01\x05\x0b\x0a\x32\x06\x03\xef\x7b\x20\x05\x0e\x06\x03\x94\x04\
\x2e\x06\x03\xec\x7b\x4a\x05\x09\x06\x03\x96\x04\x2e\x05\x16\x21\x05\x0d\x06\
\x20\x05\0\x03\xe9\x7b\x20\x05\x01\x06\x03\xa9\x04\x58\x06\x03\xd7\x7b\x20\x05\
\x0a\x06\x03\xf6\x02\x20\x05\x1f\x5c\x05\x0f\x03\xa5\x7f\x9e\x05\x0c\x03\x60\
\x20\x06\x03\x81\x7e\x20\x05\x0b\x06\x03\x82\x02\x2e\x05\x09\x76\x06\x03\xfc\
\x7d\x20\x05\x0d\x06\x03\x88\x02\x20\x05\x05\x06\x3c\x03\xf8\x7d\x2e\x05\x0f\
\x06\x03\x8d\x02\x3c\x05\x09\x6c\x05\x0c\x24\x05\x09\x03\x0f\x20\x06\x03\xda\
\x7d\x3c\x05\x17\x06\x03\xac\x02\x20\x05\x16\x30\x05\x17\x48\x05\x0f\x23\x05\
\x0d\x76\x05\x24\x26\x05\x20\x06\x20\x03\xc9\x7d\x20\x05\x1b\x06\x03\xb5\x02\
\x20\x05\x16\x06\x20\x05\x1b\x06\x21\x05\x16\x06\x20\x05\x1a\x06\x23\x05\x1d\
\x1e\x05\x18\x23\x05\x1c\x06\x20\x05\x15\x06\x03\x17\x2e\x05\x1a\x06\x2e\x03\
\xaf\x7d\x20\x03\xd1\x02\x20\x05\x0d\x06\x21\x06\x03\xae\x7d\x3c\x05\x1a\x06\
\x03\xd3\x02\x20\x05\x1b\x30\x06\x03\xab\x7d\x3c\x05\x1a\x06\x03\xd3\x02\x20\
\x05\x13\x23\x05\x11\x68\x05\0\x06\x03\xa8\x7d\x20\x05\x15\x06\x03\x81\x03\x4a\
\x05\x09\x06\x20\x05\0\x03\xff\x7c\x20\x05\x19\x06\x03\x82\x03\x9e\x05\x20\x06\
\x20\x03\xfe\x7c\x20\x03\x82\x03\x2e\x05\0\x03\xfe\x7c\x20\x05\x17\x06\x03\xbc\
\x02\x9e\x05\x18\x30\x05\x17\x64\x05\x0f\x31\x05\x0d\x76\x05\x1d\x24\x83\x05\
\x1b\x84\x05\x05\x03\xbb\x7e\x20\x06\x03\xfd\x7e\x20\x05\x19\x06\x03\xa5\x01\
\x82\x06\x03\xdb\x7e\xac\x05\x0f\x06\x03\xa9\x01\x2e\x05\x0d\x76\x06\x03\xd5\
\x7e\x20\x06\x03\xaf\x01\x20\x05\x20\x4b\x05\x13\x4c\x05\x11\x84\x05\x19\x24\
\x05\x34\x06\x20\x03\xc8\x7e\x20\x03\xb8\x01\x20\x03\xc8\x7e\x20\x03\xb8\x01\
\x20\x05\x15\x06\x25\x05\x17\x2d\x05\x15\x86\x05\x27\x24\x06\x03\xbc\x7e\x3c\
\x06\x03\xcb\x01\x3c\x06\x03\xb5\x7e\x20\x05\x1c\x06\x03\xe4\x01\x20\x05\x20\
\x23\x05\x2f\x06\x2e\x05\x36\x20\x05\x15\x20\x03\x99\x7e\x20\x03\xe7\x01\x74\
\x03\x99\x7e\x2e\x05\x43\x06\x03\xd0\x01\x3c\x05\0\x06\x03\xb0\x7e\x4a\x05\x17\
\x03\xd0\x01\x20\x05\x15\x06\x84\x05\x19\x24\x05\x15\x06\x20\x05\x19\x06\x22\
\x05\x1b\x1f\x05\x19\x95\x05\x2b\x24\x06\x03\xa0\x7e\x3c\x05\x1f\x06\x03\xe4\
\x01\x20\x06\x03\x9c\x7e\x20\x05\x21\x06\x03\xec\x01\x3c\x05\x20\x32\x05\x2c\
\x06\x20\x05\x14\x2e\x05\x20\x06\x1f\x05\x05\x03\x94\x7f\x20\x06\x03\xfd\x7e\
\x20\x05\x38\x06\x03\xa7\x01\x82\x06\x03\xd9\x7e\x20\x03\xa7\x01\x20\x05\x05\
\x2e\x03\xd9\x7e\x20\x06\x03\x83\x01\x3c\x05\x1c\x03\xa5\x02\x2e\x05\x10\x06\
\x20\x05\0\x03\xd8\x7c\x20\x05\x19\x06\x03\xa9\x03\x9e\x05\x20\x06\x20\x03\xd7\
\x7c\x20\x03\xa9\x03\x2e\x03\xd7\x7c\x20\x05\x2d\x06\x03\xb7\x03\x3c\x06\x03\
\xc9\x7c\x20\x05\x1d\x03\xb7\x03\x20\x05\x2d\x20\x03\xc9\x7c\x20\x06\x03\xac\
\x03\x20\x06\x03\xd4\x7c\x4a\x05\x1d\x03\xac\x03\x2e\x05\x2d\x2e\x03\xd4\x7c\
\x20\x05\x20\x06\x03\x91\x03\x08\x9e\x05\x27\x06\x20\x03\xef\x7c\x20\x03\x91\
\x03\x2e\x03\xef\x7c\x20\x06\x03\xa0\x03\x20\x05\x14\x06\x20\x05\x05\x06\x03\
\xbd\x7d\x20\x06\x2e\x03\xa3\x7f\x2e\x05\x20\x06\x03\xc8\x03\x82\x05\x27\x06\
\x20\x03\xb8\x7c\x20\x03\xc8\x03\x2e\x03\xb8\x7c\x20\x05\x2d\x06\x03\xd6\x03\
\x3c\x06\x03\xaa\x7c\x20\x05\x1d\x03\xd6\x03\x20\x05\x2d\x20\x03\xaa\x7c\x20\
\x06\x03\xcb\x03\x20\x06\x03\xb5\x7c\x4a\x05\x1d\x03\xcb\x03\x2e\x05\x2d\x2e\
\x03\xb5\x7c\x20\x05\x1a\x06\x03\xdf\x02\x2e\x05\x1b\x30\x06\x03\x9f\x7d\x20\
\x05\x1a\x06\x03\xdf\x02\x20\x05\x13\x23\x05\x11\x68\x06\x03\x9c\x7d\x20\x05\
\x05\x06\x03\x83\x01\x20\x05\x27\x03\xe6\x02\x2e\x05\x14\x06\x2e\x03\x97\x7c\
\x20\x05\x2d\x06\x03\xea\x03\x3c\x06\x03\x96\x7c\x20\x05\x1d\x03\xea\x03\x20\
\x05\x2d\x20\x03\x96\x7c\x20\x03\xea\x03\x2e\x05\0\x03\x96\x7c\x2e\x05\x1d\x06\
\x03\xf5\x03\x9e\x05\x2d\x06\x20\x05\x05\x06\x03\xe8\x7c\x2e\x06\x03\xa3\x7f\
\x90\x03\xdd\0\x2e\x05\0\x03\xa3\x7f\x82\x05\x05\x06\x03\xeb\0\x3c\x05\x23\x2b\
\x06\x03\x98\x7f\x20\x05\x1b\x06\x03\xec\0\x3c\x05\x11\x4f\x05\x19\x38\x05\x27\
\x03\x09\x3c\x05\x46\x06\x20\x05\x2d\x2e\x05\x11\x06\x1b\x05\x46\x5d\x05\x27\
\x06\x3c\x05\x2d\x20\x05\x11\x06\x1b\x05\x27\x5d\x05\x46\x06\x20\x05\x2d\x3c\
\x05\x11\x06\x1b\x05\x27\x5d\x05\x46\x06\x20\x05\x2d\x3c\x05\x11\x06\x1b\x05\
\x46\x5d\x05\x27\x06\x3c\x05\x2d\x20\x05\x11\x06\x1b\x05\x46\x5d\x05\x27\x06\
\x3c\x05\x2d\x20\x05\x11\x06\x1b\x05\x46\x5d\x05\x27\x06\x3c\x05\x2d\x20\x05\
\x11\x06\x1b\x05\x46\x4f\x05\x27\x06\x20\x05\x2d\x20\x05\x3d\x06\x03\x75\x20\
\x06\x03\x95\x7f\x20\x05\x05\x03\xeb\0\x20\x05\x0d\x06\x03\xb1\x03\x2e\x06\x2e\
\x05\x2e\x06\x21\x05\x24\x06\x4a\x05\x11\x06\x4d\x05\x18\x21\x05\x20\x06\x3c\
\x05\x18\x20\x02\x02\0\x01\x01\x2f\x68\x6f\x6d\x65\x2f\x61\x6e\x64\x2f\x57\x6f\
\x72\x6b\x2f\x44\x61\x79\x6e\x69\x78\x2f\x71\x65\x6d\x75\x2f\x74\x6f\x6f\x6c\
\x73\x2f\x65\x62\x70\x66\0\x2f\x75\x73\x72\x2f\x69\x6e\x63\x6c\x75\x64\x65\x2f\
\x62\x70\x66\0\x2f\x75\x73\x72\x2f\x69\x6e\x63\x6c\x75\x64\x65\x2f\x61\x73\x6d\
\x2d\x67\x65\x6e\x65\x72\x69\x63\0\x2f\x75\x73\x72\x2f\x69\x6e\x63\x6c\x75\x64\
\x65\x2f\x6c\x69\x6e\x75\x78\0\x2f\x75\x73\x72\x2f\x6c\x69\x62\x2f\x63\x6c\x61\
\x6e\x67\x2f\x31\x34\x2e\x30\x2e\x36\x2f\x69\x6e\x63\x6c\x75\x64\x65\0\x72\x73\
\x73\x2e\x62\x70\x66\x2e\x63\0\x62\x70\x66\x5f\x68\x65\x6c\x70\x65\x72\x5f\x64\
\x65\x66\x73\x2e\x68\0\x69\x6e\x74\x2d\x6c\x6c\x36\x34\x2e\x68\0\x62\x70\x66\
\x2e\x68\0\x69\x6e\x2e\x68\0\x74\x79\x70\x65\x73\x2e\x68\0\x69\x6e\x36\x2e\x68\
\0\x73\x74\x64\x64\x65\x66\x2e\x68\0\x69\x70\x2e\x68\0\x69\x70\x76\x36\x2e\x68\
\0\x74\x63\x70\x2e\x68\0\x75\x64\x70\x2e\x68\0\0\0\0\0\0\0\0\0\0\0\0\0\0\0\0\0\
\0\0\0\0\0\0\0\0\0\x18\x01\0\0\x04\0\xf1\xff\0\0\0\0\0\0\0\0\0\0\0\0\0\0\0\0\0\
\0\0\0\x03\0\x03\0\0\0\0\0\0\0\0\0\0\0\0\0\0\0\0\0\x14\x02\0\0\0\0\x03\0\x98\0\
\0\0\0\0\0\0\0\0\0\0\0\0\0\0\xd4\x01\0\0\0\0\x03\0\xa0\0\0\0\0\0\0\0\0\0\0\0\0\
\0\0\0\x64\x02\0\0\0\0\x03\0\x70\0\0\0\0\0\0\0\0\0\0\0\0\0\0\0\x44\x02\0\0\0\0\
\x03\0\x78\0\0\0\0\0\0\0\0\0\0\0\0\0\0\0\xcd\x02\0\0\0\0\x03\0\xb8\x01\0\0\0\0\
\0\0\0\0\0\0\0\0\0\0\x8b\x02\0\0\0\0\x03\0\x08\x02\0\0\0\0\0\0\0\0\0\0\0\0\0\0\
\x53\x01\0\0\0\0\x03\0\xa8\x04\0\0\0\0\0\0\0\0\0\0\0\0\0\0\x03\x02\0\0\0\0\x03\
\0\xd8\x03\0\0\0\0\0\0\0\0\0\0\0\0\0\0\x93\x01\0\0\0\0\x03\0\xb8\x02\0\0\0\0\0\
\0\0\0\0\0\0\0\0\0\x5b\x01\0\0\0\0\x03\0\0\x03\0\0\0\0\0\0\0\0\0\0\0\0\0\0\xad\
\x02\0\0\0\0\x03\0\xc8\x0d\0\0\0\0\0\0\0\0\0\0\0\0\0\0\x33\x02\0\0\0\0\x03\0\
\xb8\x03\0\0\0\0\0\0\0\0\0\0\0\0\0\0\xc5\x02\0\0\0\0\x03\0\x88\x0a\0\0\0\0\0\0\
\0\0\0\0\0\0\0\0\x73\x02\0\0\0\0\x03\0\x70\x0c\0\0\0\0\0\0\0\0\0\0\0\0\0\0\x8b\
\x01\0\0\0\0\x03\0\x60\x04\0\0\0\0\0\0\0\0\0\0\0\0\0\0\x3b\x02\0\0\0\0\x03\0\
\xc8\x0f\0\0\0\0\0\0\0\0\0\0\0\0\0\0\x3b\x01\0\0\0\0\x03\0\x08\x0d\0\0\0\0\0\0\
\0\0\0\0\0\0\0\0\x6b\x02\0\0\0\0\x03\0\x38\x0e\0\0\0\0\0\0\0\0\0\0\0\0\0\0\x83\
\x02\0\0\0\0\x03\0\x08\x06\0\0\0\0\0\0\0\0\0\0\0\0\0\0\x53\x02\0\0\0\0\x03\0\
\x68\x06\0\0\0\0\0\0\0\0\0\0\0\0\0\0\xfb\x01\0\0\0\0\x03\0\xc0\x06\0\0\0\0\0\0\
\0\0\0\0\0\0\0\0\x2b\x02\0\0\0\0\x03\0\xe8\x07\0\0\0\0\0\0\0\0\0\0\0\0\0\0\x23\
\x02\0\0\0\0\x03\0\xb8\x09\0\0\0\0\0\0\0\0\0\0\0\0\0\0\xeb\x01\0\0\0\0\x03\0\
\xc8\x09\0\0\0\0\0\0\0\0\0\0\0\0\0\0\xa4\x02\0\0\0\0\x03\0\x68\x0f\0\0\0\0\0\0\
\0\0\0\0\0\0\0\0\x83\x01\0\0\0\0\x03\0\xa0\x08\0\0\0\0\0\0\0\0\0\0\0\0\0\0\xf3\
\x01\0\0\0\0\x03\0\x10\x08\0\0\0\0\0\0\0\0\0\0\0\0\0\0\xb3\x01\0\0\0\0\x03\0\
\x88\x08\0\0\0\0\0\0\0\0\0\0\0\0\0\0\x9b\x01\0\0\0\0\x03\0\xd8\x0c\0\0\0\0\0\0\
\0\0\0\0\0\0\0\0\x7b\x02\0\0\0\0\x03\0\x90\x09\0\0\0\0\0\0\0\0\0\0\0\0\0\0\x4b\
\x01\0\0\0\0\x03\0\x78\x0a\0\0\0\0\0\0\0\0\0\0\0\0\0\0\xab\x01\0\0\0\0\x03\0\
\x30\x0a\0\0\0\0\0\0\0\0\0\0\0\0\0\0\x7b\x01\0\0\0\0\x03\0\x60\x0a\0\0\0\0\0\0\
\0\0\0\0\0\0\0\0\xb5\x02\0\0\0\0\x03\0\x10\x0d\0\0\0\0\0\0\0\0\0\0\0\0\0\0\xe3\
\x01\0\0\0\0\x03\0\x38\x0b\0\0\0\0\0\0\0\0\0\0\0\0\0\0\xa3\x01\0\0\0\0\x03\0\
\x50\x0b\0\0\0\0\0\0\0\0\0\0\0\0\0\0\x43\x01\0\0\0\0\x03\0\x80\x0b\0\0\0\0\0\0\
\0\0\0\0\0\0\0\0\x9c\x02\0\0\0\0\x03\0\xa0\x0b\0\0\0\0\0\0\0\0\0\0\0\0\0\0\xbd\
\x02\0\0\0\0\x03\0\x98\x0b\0\0\0\0\0\0\0\0\0\0\0\0\0\0\xdb\x01\0\0\0\0\x03\0\
\xa0\x0c\0\0\0\0\0\0\0\0\0\0\0\0\0\0\x73\x01\0\0\0\0\x03\0\xf0\x0c\0\0\0\0\0\0\
\0\0\0\0\0\0\0\0\x4b\x02\0\0\0\0\x03\0\x48\x0e\0\0\0\0\0\0\0\0\0\0\0\0\0\0\x1b\
\x02\0\0\0\0\x03\0\x60\x0d\0\0\0\0\0\0\0\0\0\0\0\0\0\0\xc3\x01\0\0\0\0\x03\0\
\x78\x0d\0\0\0\0\0\0\0\0\0\0\0\0\0\0\x6b\x01\0\0\0\0\x03\0\xa8\x0d\0\0\0\0\0\0\
\0\0\0\0\0\0\0\0\xbb\x01\0\0\0\0\x03\0\x88\x0e\0\0\0\0\0\0\0\0\0\0\0\0\0\0\x63\
\x01\0\0\0\0\x03\0\xa0\x0e\0\0\0\0\0\0\0\0\0\0\0\0\0\0\x93\x02\0\0\0\0\x03\0\
\x78\x0f\0\0\0\0\0\0\0\0\0\0\0\0\0\0\x5b\x02\0\0\0\0\x03\0\xb8\x0f\0\0\0\0\0\0\
\0\0\0\0\0\0\0\0\x0b\x02\0\0\0\0\x03\0\xf0\x0f\0\0\0\0\0\0\0\0\0\0\0\0\0\0\xcb\
\x01\0\0\0\0\x03\0\xa8\x12\0\0\0\0\0\0\0\0\0\0\0\0\0\0\0\0\0\0\x03\0\x07\0\0\0\
\0\0\0\0\0\0\0\0\0\0\0\0\0\0\0\0\0\0\x03\0\x08\0\0\0\0\0\0\0\0\0\0\0\0\0\0\0\0\
\0\0\0\0\0\x03\0\x0b\0\0\0\0\0\0\0\0\0\0\0\0\0\0\0\0\0\0\0\0\0\x03\0\x0c\0\0\0\
\0\0\0\0\0\0\0\0\0\0\0\0\0\0\0\0\0\0\x03\0\x0e\0\0\0\0\0\0\0\0\0\0\0\0\0\0\0\0\
\0\0\0\0\0\x03\0\x0f\0\0\0\0\0\0\0\0\0\0\0\0\0\0\0\0\0\0\0\0\0\x03\0\x15\0\0\0\
\0\0\0\0\0\0\0\0\0\0\0\0\0\0\0\0\0\0\x03\0\x17\0\0\0\0\0\0\0\0\0\0\0\0\0\0\0\0\
\0\0\0\0\0\x03\0\x19\0\0\0\0\0\0\0\0\0\0\0\0\0\0\0\0\0\xb5\0\0\0\x12\0\x03\0\0\
\0\0\0\0\0\0\0\x38\x13\0\0\0\0\0\0\x5f\0\0\0\x11\0\x05\0\0\0\0\0\0\0\0\0\x28\0\
\0\0\0\0\0\0\xee\0\0\0\x11\0\x06\0\0\0\0\0\0\0\0\0\x07\0\0\0\0\0\0\0\x28\0\0\0\
\0\0\0\0\x01\0\0\0\x40\0\0\0\x08\0\0\0\0\0\0\0\x03\0\0\0\x37\0\0\0\x11\0\0\0\0\
\0\0\0\x03\0\0\0\x39\0\0\0\x15\0\0\0\0\0\0\0\x03\0\0\0\x3d\0\0\0\x1f\0\0\0\0\0\
\0\0\x03\0\0\0\x3b\0\0\0\x23\0\0\0\0\0\0\0\x03\0\0\0\x38\0\0\0\x27\0\0\0\0\0\0\
\0\x03\0\0\0\x36\0\0\0\x08\0\0\0\0\0\0\0\x03\0\0\0\x3a\0\0\0\x0c\0\0\0\0\0\0\0\
\x03\0\0\0\x3a\0\0\0\x10\0\0\0\0\0\0\0\x03\0\0\0\x3a\0\0\0\x14\0\0\0\0\0\0\0\
\x03\0\0\0\x3a\0\0\0\x18\0\0\0\0\0\0\0\x03\0\0\0\x3a\0\0\0\x1c\0\0\0\0\0\0\0\
\x03\0\0\0\x3a\0\0\0\x20\0\0\0\0\0\0\0\x03\0\0\0\x3a\0\0\0\x24\0\0\0\0\0\0\0\
\x03\0\0\0\x3a\0\0\0\x28\0\0\0\0\0\0\0\x03\0\0\0\x3a\0\0\0\x2c\0\0\0\0\0\0\0\
\x03\0\0\0\x3a\0\0\0\x30\0\0\0\0\0\0\0\x03\0\0\0\x3a\0\0\0\x34\0\0\0\0\0\0\0\
\x03\0\0\0\x3a\0\0\0\x38\0\0\0\0\0\0\0\x03\0\0\0\x3a\0\0\0\x3c\0\0\0\0\0\0\0\
\x03\0\0\0\x3a\0\0\0\x40\0\0\0\0\0\0\0\x03\0\0\0\x3a\0\0\0\x44\0\0\0\0\0\0\0\
\x03\0\0\0\x3a\0\0\0\x48\0\0\0\0\0\0\0\x03\0\0\0\x3a\0\0\0\x4c\0\0\0\0\0\0\0\
\x03\0\0\0\x3a\0\0\0\x50\0\0\0\0\0\0\0\x03\0\0\0\x3a\0\0\0\x54\0\0\0\0\0\0\0\
\x03\0\0\0\x3a\0\0\0\x58\0\0\0\0\0\0\0\x03\0\0\0\x3a\0\0\0\x5c\0\0\0\0\0\0\0\
\x03\0\0\0\x3a\0\0\0\x60\0\0\0\0\0\0\0\x03\0\0\0\x3a\0\0\0\x64\0\0\0\0\0\0\0\
\x03\0\0\0\x3a\0\0\0\x68\0\0\0\0\0\0\0\x03\0\0\0\x3a\0\0\0\x6c\0\0\0\0\0\0\0\
\x03\0\0\0\x3a\0\0\0\x70\0\0\0\0\0\0\0\x03\0\0\0\x3a\0\0\0\x74\0\0\0\0\0\0\0\
\x03\0\0\0\x3a\0\0\0\x78\0\0\0\0\0\0\0\x03\0\0\0\x3a\0\0\0\x7c\0\0\0\0\0\0\0\
\x03\0\0\0\x3a\0\0\0\x80\0\0\0\0\0\0\0\x03\0\0\0\x3a\0\0\0\x84\0\0\0\0\0\0\0\
\x03\0\0\0\x3a\0\0\0\x88\0\0\0\0\0\0\0\x03\0\0\0\x3a\0\0\0\x8c\0\0\0\0\0\0\0\
\x03\0\0\0\x3a\0\0\0\x90\0\0\0\0\0\0\0\x03\0\0\0\x3a\0\0\0\x94\0\0\0\0\0\0\0\
\x03\0\0\0\x3a\0\0\0\x98\0\0\0\0\0\0\0\x03\0\0\0\x3a\0\0\0\x9c\0\0\0\0\0\0\0\
\x03\0\0\0\x3a\0\0\0\xa0\0\0\0\0\0\0\0\x03\0\0\0\x3a\0\0\0\xa4\0\0\0\0\0\0\0\
\x03\0\0\0\x3a\0\0\0\xa8\0\0\0\0\0\0\0\x03\0\0\0\x3a\0\0\0\xac\0\0\0\0\0\0\0\
\x03\0\0\0\x3a\0\0\0\xb0\0\0\0\0\0\0\0\x03\0\0\0\x3a\0\0\0\xb4\0\0\0\0\0\0\0\
\x03\0\0\0\x3a\0\0\0\xb8\0\0\0\0\0\0\0\x03\0\0\0\x3a\0\0\0\xbc\0\0\0\0\0\0\0\
\x03\0\0\0\x3a\0\0\0\xc0\0\0\0\0\0\0\0\x03\0\0\0\x3a\0\0\0\xc4\0\0\0\0\0\0\0\
\x03\0\0\0\x3a\0\0\0\xc8\0\0\0\0\0\0\0\x03\0\0\0\x3a\0\0\0\xcc\0\0\0\0\0\0\0\
\x03\0\0\0\x3a\0\0\0\xd0\0\0\0\0\0\0\0\x03\0\0\0\x3a\0\0\0\xd4\0\0\0\0\0\0\0\
\x03\0\0\0\x3a\0\0\0\xd8\0\0\0\0\0\0\0\x03\0\0\0\x3a\0\0\0\xdc\0\0\0\0\0\0\0\
\x03\0\0\0\x3a\0\0\0\xe0\0\0\0\0\0\0\0\x03\0\0\0\x3a\0\0\0\xe4\0\0\0\0\0\0\0\
\x03\0\0\0\x3a\0\0\0\xe8\0\0\0\0\0\0\0\x03\0\0\0\x3a\0\0\0\xec\0\0\0\0\0\0\0\
\x03\0\0\0\x3a\0\0\0\xf0\0\0\0\0\0\0\0\x03\0\0\0\x3a\0\0\0\xf4\0\0\0\0\0\0\0\
\x03\0\0\0\x3a\0\0\0\xf8\0\0\0\0\0\0\0\x03\0\0\0\x3a\0\0\0\xfc\0\0\0\0\0\0\0\
\x03\0\0\0\x3a\0\0\0\0\x01\0\0\0\0\0\0\x03\0\0\0\x3a\0\0\0\x04\x01\0\0\0\0\0\0\
\x03\0\0\0\x3a\0\0\0\x08\x01\0\0\0\0\0\0\x03\0\0\0\x3a\0\0\0\x0c\x01\0\0\0\0\0\
\0\x03\0\0\0\x3a\0\0\0\x10\x01\0\0\0\0\0\0\x03\0\0\0\x3a\0\0\0\x14\x01\0\0\0\0\
\0\0\x03\0\0\0\x3a\0\0\0\x18\x01\0\0\0\0\0\0\x03\0\0\0\x3a\0\0\0\x1c\x01\0\0\0\
\0\0\0\x03\0\0\0\x3a\0\0\0\x20\x01\0\0\0\0\0\0\x03\0\0\0\x3a\0\0\0\x24\x01\0\0\
\0\0\0\0\x03\0\0\0\x3a\0\0\0\x28\x01\0\0\0\0\0\0\x03\0\0\0\x3a\0\0\0\x2c\x01\0\
\0\0\0\0\0\x03\0\0\0\x3a\0\0\0\x30\x01\0\0\0\0\0\0\x03\0\0\0\x3a\0\0\0\x34\x01\
\0\0\0\0\0\0\x03\0\0\0\x3a\0\0\0\x38\x01\0\0\0\0\0\0\x03\0\0\0\x3a\0\0\0\x3c\
\x01\0\0\0\0\0\0\x03\0\0\0\x3a\0\0\0\x40\x01\0\0\0\0\0\0\x03\0\0\0\x3a\0\0\0\
\x44\x01\0\0\0\0\0\0\x03\0\0\0\x3a\0\0\0\x48\x01\0\0\0\0\0\0\x03\0\0\0\x3a\0\0\
\0\x4c\x01\0\0\0\0\0\0\x03\0\0\0\x3a\0\0\0\x50\x01\0\0\0\0\0\0\x03\0\0\0\x3a\0\
\0\0\x54\x01\0\0\0\0\0\0\x03\0\0\0\x3a\0\0\0\x58\x01\0\0\0\0\0\0\x03\0\0\0\x3a\
\0\0\0\x5c\x01\0\0\0\0\0\0\x03\0\0\0\x3a\0\0\0\x60\x01\0\0\0\0\0\0\x03\0\0\0\
\x3a\0\0\0\x64\x01\0\0\0\0\0\0\x03\0\0\0\x3a\0\0\0\x68\x01\0\0\0\0\0\0\x03\0\0\
\0\x3a\0\0\0\x6c\x01\0\0\0\0\0\0\x03\0\0\0\x3a\0\0\0\x70\x01\0\0\0\0\0\0\x03\0\
\0\0\x3a\0\0\0\x74\x01\0\0\0\0\0\0\x03\0\0\0\x3a\0\0\0\x78\x01\0\0\0\0\0\0\x03\
\0\0\0\x3a\0\0\0\x7c\x01\0\0\0\0\0\0\x03\0\0\0\x3a\0\0\0\x80\x01\0\0\0\0\0\0\
\x03\0\0\0\x3a\0\0\0\x84\x01\0\0\0\0\0\0\x03\0\0\0\x3a\0\0\0\x88\x01\0\0\0\0\0\
\0\x03\0\0\0\x3a\0\0\0\x8c\x01\0\0\0\0\0\0\x03\0\0\0\x3a\0\0\0\x90\x01\0\0\0\0\
\0\0\x03\0\0\0\x3a\0\0\0\x94\x01\0\0\0\0\0\0\x03\0\0\0\x3a\0\0\0\x98\x01\0\0\0\
\0\0\0\x03\0\0\0\x3a\0\0\0\x9c\x01\0\0\0\0\0\0\x03\0\0\0\x3a\0\0\0\xa0\x01\0\0\
\0\0\0\0\x03\0\0\0\x3a\0\0\0\xa4\x01\0\0\0\0\0\0\x03\0\0\0\x3a\0\0\0\xa8\x01\0\
\0\0\0\0\0\x03\0\0\0\x3a\0\0\0\xac\x01\0\0\0\0\0\0\x03\0\0\0\x3a\0\0\0\xb0\x01\
\0\0\0\0\0\0\x03\0\0\0\x3a\0\0\0\xb4\x01\0\0\0\0\0\0\x03\0\0\0\x3a\0\0\0\xb8\
\x01\0\0\0\0\0\0\x03\0\0\0\x3a\0\0\0\xbc\x01\0\0\0\0\0\0\x03\0\0\0\x3a\0\0\0\
\xc0\x01\0\0\0\0\0\0\x03\0\0\0\x3a\0\0\0\xc4\x01\0\0\0\0\0\0\x03\0\0\0\x3a\0\0\
\0\xc8\x01\0\0\0\0\0\0\x03\0\0\0\x3a\0\0\0\xcc\x01\0\0\0\0\0\0\x03\0\0\0\x3a\0\
\0\0\xd0\x01\0\0\0\0\0\0\x03\0\0\0\x3a\0\0\0\xd4\x01\0\0\0\0\0\0\x03\0\0\0\x3a\
\0\0\0\xd8\x01\0\0\0\0\0\0\x03\0\0\0\x3a\0\0\0\xdc\x01\0\0\0\0\0\0\x03\0\0\0\
\x3a\0\0\0\xe0\x01\0\0\0\0\0\0\x03\0\0\0\x3a\0\0\0\xe4\x01\0\0\0\0\0\0\x03\0\0\
\0\x3a\0\0\0\xe8\x01\0\0\0\0\0\0\x03\0\0\0\x3a\0\0\0\xec\x01\0\0\0\0\0\0\x03\0\
\0\0\x3a\0\0\0\xf0\x01\0\0\0\0\0\0\x03\0\0\0\x3a\0\0\0\xf4\x01\0\0\0\0\0\0\x03\
\0\0\0\x3a\0\0\0\xf8\x01\0\0\0\0\0\0\x03\0\0\0\x3a\0\0\0\xfc\x01\0\0\0\0\0\0\
\x03\0\0\0\x3a\0\0\0\0\x02\0\0\0\0\0\0\x03\0\0\0\x3a\0\0\0\x04\x02\0\0\0\0\0\0\
\x03\0\0\0\x3a\0\0\0\x08\x02\0\0\0\0\0\0\x03\0\0\0\x3a\0\0\0\x0c\x02\0\0\0\0\0\
\0\x03\0\0\0\x3a\0\0\0\x10\x02\0\0\0\0\0\0\x03\0\0\0\x3a\0\0\0\x14\x02\0\0\0\0\
\0\0\x03\0\0\0\x3a\0\0\0\x18\x02\0\0\0\0\0\0\x03\0\0\0\x3a\0\0\0\x1c\x02\0\0\0\
\0\0\0\x03\0\0\0\x3a\0\0\0\x20\x02\0\0\0\0\0\0\x03\0\0\0\x3a\0\0\0\x24\x02\0\0\
\0\0\0\0\x03\0\0\0\x3a\0\0\0\x28\x02\0\0\0\0\0\0\x03\0\0\0\x3a\0\0\0\x2c\x02\0\
\0\0\0\0\0\x03\0\0\0\x3a\0\0\0\x30\x02\0\0\0\0\0\0\x03\0\0\0\x3a\0\0\0\x34\x02\
\0\0\0\0\0\0\x03\0\0\0\x3a\0\0\0\x38\x02\0\0\0\0\0\0\x03\0\0\0\x3a\0\0\0\x3c\
\x02\0\0\0\0\0\0\x03\0\0\0\x3a\0\0\0\x40\x02\0\0\0\0\0\0\x03\0\0\0\x3a\0\0\0\
\x44\x02\0\0\0\0\0\0\x03\0\0\0\x3a\0\0\0\x48\x02\0\0\0\0\0\0\x03\0\0\0\x3a\0\0\
\0\x4c\x02\0\0\0\0\0\0\x03\0\0\0\x3a\0\0\0\x50\x02\0\0\0\0\0\0\x03\0\0\0\x3a\0\
\0\0\x54\x02\0\0\0\0\0\0\x03\0\0\0\x3a\0\0\0\x58\x02\0\0\0\0\0\0\x03\0\0\0\x3a\
\0\0\0\x5c\x02\0\0\0\0\0\0\x03\0\0\0\x3a\0\0\0\x60\x02\0\0\0\0\0\0\x03\0\0\0\
\x3a\0\0\0\x64\x02\0\0\0\0\0\0\x03\0\0\0\x3a\0\0\0\x68\x02\0\0\0\0\0\0\x03\0\0\
\0\x3a\0\0\0\x6c\x02\0\0\0\0\0\0\x03\0\0\0\x3a\0\0\0\x70\x02\0\0\0\0\0\0\x03\0\
\0\0\x3a\0\0\0\x74\x02\0\0\0\0\0\0\x03\0\0\0\x3a\0\0\0\x78\x02\0\0\0\0\0\0\x03\
\0\0\0\x3a\0\0\0\x7c\x02\0\0\0\0\0\0\x03\0\0\0\x3a\0\0\0\x80\x02\0\0\0\0\0\0\
\x03\0\0\0\x3a\0\0\0\x84\x02\0\0\0\0\0\0\x03\0\0\0\x3a\0\0\0\x88\x02\0\0\0\0\0\
\0\x03\0\0\0\x3a\0\0\0\x8c\x02\0\0\0\0\0\0\x03\0\0\0\x3a\0\0\0\x90\x02\0\0\0\0\
\0\0\x03\0\0\0\x3a\0\0\0\x94\x02\0\0\0\0\0\0\x03\0\0\0\x3a\0\0\0\x98\x02\0\0\0\
\0\0\0\x03\0\0\0\x3a\0\0\0\x9c\x02\0\0\0\0\0\0\x03\0\0\0\x3a\0\0\0\xa0\x02\0\0\
\0\0\0\0\x03\0\0\0\x3a\0\0\0\xa4\x02\0\0\0\0\0\0\x03\0\0\0\x3a\0\0\0\xa8\x02\0\
\0\0\0\0\0\x03\0\0\0\x3a\0\0\0\xac\x02\0\0\0\0\0\0\x03\0\0\0\x3a\0\0\0\xb0\x02\
\0\0\0\0\0\0\x03\0\0\0\x3a\0\0\0\xb4\x02\0\0\0\0\0\0\x03\0\0\0\x3a\0\0\0\xb8\
\x02\0\0\0\0\0\0\x03\0\0\0\x3a\0\0\0\xbc\x02\0\0\0\0\0\0\x03\0\0\0\x3a\0\0\0\
\xc0\x02\0\0\0\0\0\0\x03\0\0\0\x3a\0\0\0\xc4\x02\0\0\0\0\0\0\x03\0\0\0\x3a\0\0\
\0\xc8\x02\0\0\0\0\0\0\x03\0\0\0\x3a\0\0\0\xcc\x02\0\0\0\0\0\0\x03\0\0\0\x3a\0\
\0\0\xd0\x02\0\0\0\0\0\0\x03\0\0\0\x3a\0\0\0\xd4\x02\0\0\0\0\0\0\x03\0\0\0\x3a\
\0\0\0\xd8\x02\0\0\0\0\0\0\x03\0\0\0\x3a\0\0\0\xdc\x02\0\0\0\0\0\0\x03\0\0\0\
\x3a\0\0\0\xe0\x02\0\0\0\0\0\0\x03\0\0\0\x3a\0\0\0\xe4\x02\0\0\0\0\0\0\x03\0\0\
\0\x3a\0\0\0\xe8\x02\0\0\0\0\0\0\x03\0\0\0\x3a\0\0\0\xec\x02\0\0\0\0\0\0\x03\0\
\0\0\x3a\0\0\0\xf0\x02\0\0\0\0\0\0\x03\0\0\0\x3a\0\0\0\xf4\x02\0\0\0\0\0\0\x03\
\0\0\0\x3a\0\0\0\xf8\x02\0\0\0\0\0\0\x03\0\0\0\x3a\0\0\0\xfc\x02\0\0\0\0\0\0\
\x03\0\0\0\x3a\0\0\0\0\x03\0\0\0\0\0\0\x03\0\0\0\x3a\0\0\0\x04\x03\0\0\0\0\0\0\
\x03\0\0\0\x3a\0\0\0\x08\x03\0\0\0\0\0\0\x03\0\0\0\x3a\0\0\0\x0c\x03\0\0\0\0\0\
\0\x03\0\0\0\x3a\0\0\0\x10\x03\0\0\0\0\0\0\x03\0\0\0\x3a\0\0\0\x14\x03\0\0\0\0\
\0\0\x03\0\0\0\x3a\0\0\0\x18\x03\0\0\0\0\0\0\x03\0\0\0\x3a\0\0\0\x1c\x03\0\0\0\
\0\0\0\x03\0\0\0\x3a\0\0\0\x20\x03\0\0\0\0\0\0\x03\0\0\0\x3a\0\0\0\x24\x03\0\0\
\0\0\0\0\x03\0\0\0\x3a\0\0\0\x28\x03\0\0\0\0\0\0\x03\0\0\0\x3a\0\0\0\x2c\x03\0\
\0\0\0\0\0\x03\0\0\0\x3a\0\0\0\x30\x03\0\0\0\0\0\0\x03\0\0\0\x3a\0\0\0\x34\x03\
\0\0\0\0\0\0\x03\0\0\0\x3a\0\0\0\x38\x03\0\0\0\0\0\0\x03\0\0\0\x3a\0\0\0\x3c\
\x03\0\0\0\0\0\0\x03\0\0\0\x3a\0\0\0\x40\x03\0\0\0\0\0\0\x03\0\0\0\x3a\0\0\0\
\x44\x03\0\0\0\0\0\0\x03\0\0\0\x3a\0\0\0\x48\x03\0\0\0\0\0\0\x03\0\0\0\x3a\0\0\
\0\x4c\x03\0\0\0\0\0\0\x03\0\0\0\x3a\0\0\0\x50\x03\0\0\0\0\0\0\x03\0\0\0\x3a\0\
\0\0\x54\x03\0\0\0\0\0\0\x03\0\0\0\x3a\0\0\0\x58\x03\0\0\0\0\0\0\x03\0\0\0\x3a\
\0\0\0\x5c\x03\0\0\0\0\0\0\x03\0\0\0\x3a\0\0\0\x60\x03\0\0\0\0\0\0\x03\0\0\0\
\x3a\0\0\0\x64\x03\0\0\0\0\0\0\x03\0\0\0\x3a\0\0\0\x68\x03\0\0\0\0\0\0\x03\0\0\
\0\x3a\0\0\0\x6c\x03\0\0\0\0\0\0\x03\0\0\0\x3a\0\0\0\x70\x03\0\0\0\0\0\0\x03\0\
\0\0\x3a\0\0\0\x74\x03\0\0\0\0\0\0\x03\0\0\0\x3a\0\0\0\x78\x03\0\0\0\0\0\0\x03\
\0\0\0\x3a\0\0\0\x7c\x03\0\0\0\0\0\0\x03\0\0\0\x3a\0\0\0\x80\x03\0\0\0\0\0\0\
\x03\0\0\0\x3a\0\0\0\x84\x03\0\0\0\0\0\0\x03\0\0\0\x3a\0\0\0\x88\x03\0\0\0\0\0\
\0\x03\0\0\0\x3a\0\0\0\x8c\x03\0\0\0\0\0\0\x03\0\0\0\x3a\0\0\0\x90\x03\0\0\0\0\
\0\0\x03\0\0\0\x3a\0\0\0\x94\x03\0\0\0\0\0\0\x03\0\0\0\x3a\0\0\0\x98\x03\0\0\0\
\0\0\0\x03\0\0\0\x3a\0\0\0\x9c\x03\0\0\0\0\0\0\x03\0\0\0\x3a\0\0\0\xa0\x03\0\0\
\0\0\0\0\x03\0\0\0\x3a\0\0\0\xa4\x03\0\0\0\0\0\0\x03\0\0\0\x3a\0\0\0\xa8\x03\0\
\0\0\0\0\0\x03\0\0\0\x3a\0\0\0\xac\x03\0\0\0\0\0\0\x03\0\0\0\x3a\0\0\0\xb0\x03\
\0\0\0\0\0\0\x03\0\0\0\x3a\0\0\0\xb4\x03\0\0\0\0\0\0\x03\0\0\0\x3a\0\0\0\x08\0\
\0\0\0\0\0\0\x02\0\0\0\x41\0\0\0\x10\0\0\0\0\0\0\0\x02\0\0\0\x40\0\0\0\x18\0\0\
\0\0\0\0\0\x02\0\0\0\x02\0\0\0\x20\0\0\0\0\0\0\0\x02\0\0\0\x02\0\0\0\x28\0\0\0\
\0\0\0\0\x02\0\0\0\x02\0\0\0\x30\0\0\0\0\0\0\0\x02\0\0\0\x02\0\0\0\x38\0\0\0\0\
\0\0\0\x02\0\0\0\x02\0\0\0\x40\0\0\0\0\0\0\0\x02\0\0\0\x02\0\0\0\x48\0\0\0\0\0\
\0\0\x02\0\0\0\x02\0\0\0\x50\0\0\0\0\0\0\0\x02\0\0\0\x02\0\0\0\x58\0\0\0\0\0\0\
\0\x02\0\0\0\x02\0\0\0\x60\0\0\0\0\0\0\0\x02\0\0\0\x02\0\0\0\x68\0\0\0\0\0\0\0\
\x02\0\0\0\x02\0\0\0\x70\0\0\0\0\0\0\0\x02\0\0\0\x02\0\0\0\x78\0\0\0\0\0\0\0\
\x02\0\0\0\x02\0\0\0\x80\0\0\0\0\0\0\0\x02\0\0\0\x02\0\0\0\x28\x04\0\0\0\0\0\0\
\x04\0\0\0\x40\0\0\0\x40\x04\0\0\0\0\0\0\x04\0\0\0\x41\0\0\0\x2c\0\0\0\0\0\0\0\
\x04\0\0\0\x02\0\0\0\x40\0\0\0\0\0\0\0\x04\0\0\0\x02\0\0\0\x50\0\0\0\0\0\0\0\
\x04\0\0\0\x02\0\0\0\x60\0\0\0\0\0\0\0\x04\0\0\0\x02\0\0\0\x70\0\0\0\0\0\0\0\
\x04\0\0\0\x02\0\0\0\x80\0\0\0\0\0\0\0\x04\0\0\0\x02\0\0\0\x90\0\0\0\0\0\0\0\
\x04\0\0\0\x02\0\0\0\xa0\0\0\0\0\0\0\0\x04\0\0\0\x02\0\0\0\xb0\0\0\0\0\0\0\0\
\x04\0\0\0\x02\0\0\0\xc0\0\0\0\0\0\0\0\x04\0\0\0\x02\0\0\0\xd0\0\0\0\0\0\0\0\
\x04\0\0\0\x02\0\0\0\xe0\0\0\0\0\0\0\0\x04\0\0\0\x02\0\0\0\xf0\0\0\0\0\0\0\0\
\x04\0\0\0\x02\0\0\0\0\x01\0\0\0\0\0\0\x04\0\0\0\x02\0\0\0\x10\x01\0\0\0\0\0\0\
\x04\0\0\0\x02\0\0\0\x20\x01\0\0\0\0\0\0\x04\0\0\0\x02\0\0\0\x30\x01\0\0\0\0\0\
\0\x04\0\0\0\x02\0\0\0\x40\x01\0\0\0\0\0\0\x04\0\0\0\x02\0\0\0\x50\x01\0\0\0\0\
\0\0\x04\0\0\0\x02\0\0\0\x60\x01\0\0\0\0\0\0\x04\0\0\0\x02\0\0\0\x70\x01\0\0\0\
\0\0\0\x04\0\0\0\x02\0\0\0\x80\x01\0\0\0\0\0\0\x04\0\0\0\x02\0\0\0\x90\x01\0\0\
\0\0\0\0\x04\0\0\0\x02\0\0\0\xa0\x01\0\0\0\0\0\0\x04\0\0\0\x02\0\0\0\xb0\x01\0\
\0\0\0\0\0\x04\0\0\0\x02\0\0\0\xc0\x01\0\0\0\0\0\0\x04\0\0\0\x02\0\0\0\xd0\x01\
\0\0\0\0\0\0\x04\0\0\0\x02\0\0\0\xe0\x01\0\0\0\0\0\0\x04\0\0\0\x02\0\0\0\xf0\
\x01\0\0\0\0\0\0\x04\0\0\0\x02\0\0\0\0\x02\0\0\0\0\0\0\x04\0\0\0\x02\0\0\0\x10\
\x02\0\0\0\0\0\0\x04\0\0\0\x02\0\0\0\x20\x02\0\0\0\0\0\0\x04\0\0\0\x02\0\0\0\
\x30\x02\0\0\0\0\0\0\x04\0\0\0\x02\0\0\0\x40\x02\0\0\0\0\0\0\x04\0\0\0\x02\0\0\
\0\x50\x02\0\0\0\0\0\0\x04\0\0\0\x02\0\0\0\x60\x02\0\0\0\0\0\0\x04\0\0\0\x02\0\
\0\0\x70\x02\0\0\0\0\0\0\x04\0\0\0\x02\0\0\0\x80\x02\0\0\0\0\0\0\x04\0\0\0\x02\
\0\0\0\x90\x02\0\0\0\0\0\0\x04\0\0\0\x02\0\0\0\xa0\x02\0\0\0\0\0\0\x04\0\0\0\
\x02\0\0\0\xb0\x02\0\0\0\0\0\0\x04\0\0\0\x02\0\0\0\xc0\x02\0\0\0\0\0\0\x04\0\0\
\0\x02\0\0\0\xd0\x02\0\0\0\0\0\0\x04\0\0\0\x02\0\0\0\xe0\x02\0\0\0\0\0\0\x04\0\
\0\0\x02\0\0\0\xf0\x02\0\0\0\0\0\0\x04\0\0\0\x02\0\0\0\0\x03\0\0\0\0\0\0\x04\0\
\0\0\x02\0\0\0\x10\x03\0\0\0\0\0\0\x04\0\0\0\x02\0\0\0\x20\x03\0\0\0\0\0\0\x04\
\0\0\0\x02\0\0\0\x30\x03\0\0\0\0\0\0\x04\0\0\0\x02\0\0\0\x40\x03\0\0\0\0\0\0\
\x04\0\0\0\x02\0\0\0\x50\x03\0\0\0\0\0\0\x04\0\0\0\x02\0\0\0\x60\x03\0\0\0\0\0\
\0\x04\0\0\0\x02\0\0\0\x70\x03\0\0\0\0\0\0\x04\0\0\0\x02\0\0\0\x80\x03\0\0\0\0\
\0\0\x04\0\0\0\x02\0\0\0\x90\x03\0\0\0\0\0\0\x04\0\0\0\x02\0\0\0\xa0\x03\0\0\0\
\0\0\0\x04\0\0\0\x02\0\0\0\xb0\x03\0\0\0\0\0\0\x04\0\0\0\x02\0\0\0\xc0\x03\0\0\
\0\0\0\0\x04\0\0\0\x02\0\0\0\xd0\x03\0\0\0\0\0\0\x04\0\0\0\x02\0\0\0\xe0\x03\0\
\0\0\0\0\0\x04\0\0\0\x02\0\0\0\xf0\x03\0\0\0\0\0\0\x04\0\0\0\x02\0\0\0\0\x04\0\
\0\0\0\0\0\x04\0\0\0\x02\0\0\0\x10\x04\0\0\0\0\0\0\x04\0\0\0\x02\0\0\0\x20\x04\
\0\0\0\0\0\0\x04\0\0\0\x02\0\0\0\x30\x04\0\0\0\0\0\0\x04\0\0\0\x02\0\0\0\x40\
\x04\0\0\0\0\0\0\x04\0\0\0\x02\0\0\0\x50\x04\0\0\0\0\0\0\x04\0\0\0\x02\0\0\0\
\x60\x04\0\0\0\0\0\0\x04\0\0\0\x02\0\0\0\x70\x04\0\0\0\0\0\0\x04\0\0\0\x02\0\0\
\0\x80\x04\0\0\0\0\0\0\x04\0\0\0\x02\0\0\0\x90\x04\0\0\0\0\0\0\x04\0\0\0\x02\0\
\0\0\xa0\x04\0\0\0\0\0\0\x04\0\0\0\x02\0\0\0\xb0\x04\0\0\0\0\0\0\x04\0\0\0\x02\
\0\0\0\xc0\x04\0\0\0\0\0\0\x04\0\0\0\x02\0\0\0\xd0\x04\0\0\0\0\0\0\x04\0\0\0\
\x02\0\0\0\xe0\x04\0\0\0\0\0\0\x04\0\0\0\x02\0\0\0\xf0\x04\0\0\0\0\0\0\x04\0\0\
\0\x02\0\0\0\0\x05\0\0\0\0\0\0\x04\0\0\0\x02\0\0\0\x10\x05\0\0\0\0\0\0\x04\0\0\
\0\x02\0\0\0\x20\x05\0\0\0\0\0\0\x04\0\0\0\x02\0\0\0\x30\x05\0\0\0\0\0\0\x04\0\
\0\0\x02\0\0\0\x40\x05\0\0\0\0\0\0\x04\0\0\0\x02\0\0\0\x50\x05\0\0\0\0\0\0\x04\
\0\0\0\x02\0\0\0\x60\x05\0\0\0\0\0\0\x04\0\0\0\x02\0\0\0\x70\x05\0\0\0\0\0\0\
\x04\0\0\0\x02\0\0\0\x80\x05\0\0\0\0\0\0\x04\0\0\0\x02\0\0\0\x90\x05\0\0\0\0\0\
\0\x04\0\0\0\x02\0\0\0\xa0\x05\0\0\0\0\0\0\x04\0\0\0\x02\0\0\0\xb0\x05\0\0\0\0\
\0\0\x04\0\0\0\x02\0\0\0\xc0\x05\0\0\0\0\0\0\x04\0\0\0\x02\0\0\0\xd0\x05\0\0\0\
\0\0\0\x04\0\0\0\x02\0\0\0\xe0\x05\0\0\0\0\0\0\x04\0\0\0\x02\0\0\0\xf0\x05\0\0\
\0\0\0\0\x04\0\0\0\x02\0\0\0\0\x06\0\0\0\0\0\0\x04\0\0\0\x02\0\0\0\x10\x06\0\0\
\0\0\0\0\x04\0\0\0\x02\0\0\0\x20\x06\0\0\0\0\0\0\x04\0\0\0\x02\0\0\0\x30\x06\0\
\0\0\0\0\0\x04\0\0\0\x02\0\0\0\x40\x06\0\0\0\0\0\0\x04\0\0\0\x02\0\0\0\x50\x06\
\0\0\0\0\0\0\x04\0\0\0\x02\0\0\0\x60\x06\0\0\0\0\0\0\x04\0\0\0\x02\0\0\0\x70\
\x06\0\0\0\0\0\0\x04\0\0\0\x02\0\0\0\x80\x06\0\0\0\0\0\0\x04\0\0\0\x02\0\0\0\
\x90\x06\0\0\0\0\0\0\x04\0\0\0\x02\0\0\0\xa0\x06\0\0\0\0\0\0\x04\0\0\0\x02\0\0\
\0\xb0\x06\0\0\0\0\0\0\x04\0\0\0\x02\0\0\0\xc0\x06\0\0\0\0\0\0\x04\0\0\0\x02\0\
\0\0\xd0\x06\0\0\0\0\0\0\x04\0\0\0\x02\0\0\0\xe0\x06\0\0\0\0\0\0\x04\0\0\0\x02\
\0\0\0\xf0\x06\0\0\0\0\0\0\x04\0\0\0\x02\0\0\0\0\x07\0\0\0\0\0\0\x04\0\0\0\x02\
\0\0\0\x10\x07\0\0\0\0\0\0\x04\0\0\0\x02\0\0\0\x20\x07\0\0\0\0\0\0\x04\0\0\0\
\x02\0\0\0\x30\x07\0\0\0\0\0\0\x04\0\0\0\x02\0\0\0\x40\x07\0\0\0\0\0\0\x04\0\0\
\0\x02\0\0\0\x50\x07\0\0\0\0\0\0\x04\0\0\0\x02\0\0\0\x60\x07\0\0\0\0\0\0\x04\0\
\0\0\x02\0\0\0\x70\x07\0\0\0\0\0\0\x04\0\0\0\x02\0\0\0\x80\x07\0\0\0\0\0\0\x04\
\0\0\0\x02\0\0\0\x90\x07\0\0\0\0\0\0\x04\0\0\0\x02\0\0\0\xa0\x07\0\0\0\0\0\0\
\x04\0\0\0\x02\0\0\0\xb0\x07\0\0\0\0\0\0\x04\0\0\0\x02\0\0\0\xc0\x07\0\0\0\0\0\
\0\x04\0\0\0\x02\0\0\0\xd0\x07\0\0\0\0\0\0\x04\0\0\0\x02\0\0\0\xe0\x07\0\0\0\0\
\0\0\x04\0\0\0\x02\0\0\0\xf0\x07\0\0\0\0\0\0\x04\0\0\0\x02\0\0\0\0\x08\0\0\0\0\
\0\0\x04\0\0\0\x02\0\0\0\x10\x08\0\0\0\0\0\0\x04\0\0\0\x02\0\0\0\x20\x08\0\0\0\
\0\0\0\x04\0\0\0\x02\0\0\0\x30\x08\0\0\0\0\0\0\x04\0\0\0\x02\0\0\0\x40\x08\0\0\
\0\0\0\0\x04\0\0\0\x02\0\0\0\x50\x08\0\0\0\0\0\0\x04\0\0\0\x02\0\0\0\x60\x08\0\
\0\0\0\0\0\x04\0\0\0\x02\0\0\0\x70\x08\0\0\0\0\0\0\x04\0\0\0\x02\0\0\0\x80\x08\
\0\0\0\0\0\0\x04\0\0\0\x02\0\0\0\x90\x08\0\0\0\0\0\0\x04\0\0\0\x02\0\0\0\xa0\
\x08\0\0\0\0\0\0\x04\0\0\0\x02\0\0\0\xb0\x08\0\0\0\0\0\0\x04\0\0\0\x02\0\0\0\
\xc0\x08\0\0\0\0\0\0\x04\0\0\0\x02\0\0\0\xd0\x08\0\0\0\0\0\0\x04\0\0\0\x02\0\0\
\0\xe0\x08\0\0\0\0\0\0\x04\0\0\0\x02\0\0\0\xf0\x08\0\0\0\0\0\0\x04\0\0\0\x02\0\
\0\0\0\x09\0\0\0\0\0\0\x04\0\0\0\x02\0\0\0\x10\x09\0\0\0\0\0\0\x04\0\0\0\x02\0\
\0\0\x20\x09\0\0\0\0\0\0\x04\0\0\0\x02\0\0\0\x30\x09\0\0\0\0\0\0\x04\0\0\0\x02\
\0\0\0\x40\x09\0\0\0\0\0\0\x04\0\0\0\x02\0\0\0\x50\x09\0\0\0\0\0\0\x04\0\0\0\
\x02\0\0\0\x60\x09\0\0\0\0\0\0\x04\0\0\0\x02\0\0\0\x70\x09\0\0\0\0\0\0\x04\0\0\
\0\x02\0\0\0\x80\x09\0\0\0\0\0\0\x04\0\0\0\x02\0\0\0\x90\x09\0\0\0\0\0\0\x04\0\
\0\0\x02\0\0\0\xa0\x09\0\0\0\0\0\0\x04\0\0\0\x02\0\0\0\xb0\x09\0\0\0\0\0\0\x04\
\0\0\0\x02\0\0\0\xc0\x09\0\0\0\0\0\0\x04\0\0\0\x02\0\0\0\xd0\x09\0\0\0\0\0\0\
\x04\0\0\0\x02\0\0\0\xe0\x09\0\0\0\0\0\0\x04\0\0\0\x02\0\0\0\xf0\x09\0\0\0\0\0\
\0\x04\0\0\0\x02\0\0\0\0\x0a\0\0\0\0\0\0\x04\0\0\0\x02\0\0\0\x10\x0a\0\0\0\0\0\
\0\x04\0\0\0\x02\0\0\0\x20\x0a\0\0\0\0\0\0\x04\0\0\0\x02\0\0\0\x30\x0a\0\0\0\0\
\0\0\x04\0\0\0\x02\0\0\0\x40\x0a\0\0\0\0\0\0\x04\0\0\0\x02\0\0\0\x50\x0a\0\0\0\
\0\0\0\x04\0\0\0\x02\0\0\0\x60\x0a\0\0\0\0\0\0\x04\0\0\0\x02\0\0\0\x70\x0a\0\0\
\0\0\0\0\x04\0\0\0\x02\0\0\0\x80\x0a\0\0\0\0\0\0\x04\0\0\0\x02\0\0\0\x90\x0a\0\
\0\0\0\0\0\x04\0\0\0\x02\0\0\0\xa0\x0a\0\0\0\0\0\0\x04\0\0\0\x02\0\0\0\xb0\x0a\
\0\0\0\0\0\0\x04\0\0\0\x02\0\0\0\xc0\x0a\0\0\0\0\0\0\x04\0\0\0\x02\0\0\0\xd0\
\x0a\0\0\0\0\0\0\x04\0\0\0\x02\0\0\0\xe0\x0a\0\0\0\0\0\0\x04\0\0\0\x02\0\0\0\
\xf0\x0a\0\0\0\0\0\0\x04\0\0\0\x02\0\0\0\0\x0b\0\0\0\0\0\0\x04\0\0\0\x02\0\0\0\
\x10\x0b\0\0\0\0\0\0\x04\0\0\0\x02\0\0\0\x20\x0b\0\0\0\0\0\0\x04\0\0\0\x02\0\0\
\0\x30\x0b\0\0\0\0\0\0\x04\0\0\0\x02\0\0\0\x40\x0b\0\0\0\0\0\0\x04\0\0\0\x02\0\
\0\0\x50\x0b\0\0\0\0\0\0\x04\0\0\0\x02\0\0\0\x60\x0b\0\0\0\0\0\0\x04\0\0\0\x02\
\0\0\0\x70\x0b\0\0\0\0\0\0\x04\0\0\0\x02\0\0\0\x80\x0b\0\0\0\0\0\0\x04\0\0\0\
\x02\0\0\0\x90\x0b\0\0\0\0\0\0\x04\0\0\0\x02\0\0\0\xa0\x0b\0\0\0\0\0\0\x04\0\0\
\0\x02\0\0\0\xb0\x0b\0\0\0\0\0\0\x04\0\0\0\x02\0\0\0\xc0\x0b\0\0\0\0\0\0\x04\0\
\0\0\x02\0\0\0\xd0\x0b\0\0\0\0\0\0\x04\0\0\0\x02\0\0\0\xe0\x0b\0\0\0\0\0\0\x04\
\0\0\0\x02\0\0\0\xf0\x0b\0\0\0\0\0\0\x04\0\0\0\x02\0\0\0\0\x0c\0\0\0\0\0\0\x04\
\0\0\0\x02\0\0\0\x10\x0c\0\0\0\0\0\0\x04\0\0\0\x02\0\0\0\x20\x0c\0\0\0\0\0\0\
\x04\0\0\0\x02\0\0\0\x30\x0c\0\0\0\0\0\0\x04\0\0\0\x02\0\0\0\x40\x0c\0\0\0\0\0\
\0\x04\0\0\0\x02\0\0\0\x50\x0c\0\0\0\0\0\0\x04\0\0\0\x02\0\0\0\x14\0\0\0\0\0\0\
\0\x03\0\0\0\x3c\0\0\0\x18\0\0\0\0\0\0\0\x02\0\0\0\x02\0\0\0\x22\0\0\0\0\0\0\0\
\x03\0\0\0\x3e\0\0\0\x26\0\0\0\0\0\0\0\x03\0\0\0\x3e\0\0\0\x2a\0\0\0\0\0\0\0\
\x03\0\0\0\x3e\0\0\0\x2e\0\0\0\0\0\0\0\x03\0\0\0\x3e\0\0\0\x32\0\0\0\0\0\0\0\
\x03\0\0\0\x3e\0\0\0\x3e\0\0\0\0\0\0\0\x03\0\0\0\x3e\0\0\0\x53\0\0\0\0\0\0\0\
\x03\0\0\0\x3e\0\0\0\x68\0\0\0\0\0\0\0\x03\0\0\0\x3e\0\0\0\x7d\0\0\0\0\0\0\0\
\x03\0\0\0\x3e\0\0\0\x92\0\0\0\0\0\0\0\x03\0\0\0\x3e\0\0\0\xa7\0\0\0\0\0\0\0\
\x03\0\0\0\x3e\0\0\0\xbc\0\0\0\0\0\0\0\x03\0\0\0\x3e\0\0\0\xd1\0\0\0\0\0\0\0\
\x03\0\0\0\x3e\0\0\0\xe6\0\0\0\0\0\0\0\x03\0\0\0\x3e\0\0\0\xfb\0\0\0\0\0\0\0\
\x03\0\0\0\x3e\0\0\0\x10\x01\0\0\0\0\0\0\x03\0\0\0\x3e\0\0\0\x25\x01\0\0\0\0\0\
\0\x03\0\0\0\x3e\0\0\0\x3f\x01\0\0\0\0\0\0\x02\0\0\0\x02\0\0\0\x3f\x40\x41\0\
\x2e\x64\x65\x62\x75\x67\x5f\x61\x62\x62\x72\x65\x76\0\x2e\x74\x65\x78\x74\0\
\x2e\x72\x65\x6c\x2e\x42\x54\x46\x2e\x65\x78\x74\0\x2e\x64\x65\x62\x75\x67\x5f\
\x72\x6e\x67\x6c\x69\x73\x74\x73\0\x2e\x64\x65\x62\x75\x67\x5f\x6c\x6f\x63\x6c\
\x69\x73\x74\x73\0\x2e\x72\x65\x6c\x2e\x64\x65\x62\x75\x67\x5f\x73\x74\x72\x5f\
\x6f\x66\x66\x73\x65\x74\x73\0\x2e\x6d\x61\x70\x73\0\x74\x61\x70\x5f\x72\x73\
\x73\x5f\x6d\x61\x70\x5f\x63\x6f\x6e\x66\x69\x67\x75\x72\x61\x74\x69\x6f\x6e\
\x73\0\x2e\x64\x65\x62\x75\x67\x5f\x73\x74\x72\0\x2e\x64\x65\x62\x75\x67\x5f\
\x6c\x69\x6e\x65\x5f\x73\x74\x72\0\x2e\x72\x65\x6c\x2e\x64\x65\x62\x75\x67\x5f\
\x61\x64\x64\x72\0\x2e\x72\x65\x6c\x2e\x64\x65\x62\x75\x67\x5f\x69\x6e\x66\x6f\
\0\x74\x75\x6e\x5f\x72\x73\x73\x5f\x73\x74\x65\x65\x72\x69\x6e\x67\x5f\x70\x72\
\x6f\x67\0\x2e\x72\x65\x6c\x74\x75\x6e\x5f\x72\x73\x73\x5f\x73\x74\x65\x65\x72\
\x69\x6e\x67\0\x2e\x6c\x6c\x76\x6d\x5f\x61\x64\x64\x72\x73\x69\x67\0\x5f\x6c\
\x69\x63\x65\x6e\x73\x65\0\x2e\x72\x65\x6c\x2e\x64\x65\x62\x75\x67\x5f\x6c\x69\
\x6e\x65\0\x2e\x72\x65\x6c\x2e\x64\x65\x62\x75\x67\x5f\x66\x72\x61\x6d\x65\0\
\x72\x73\x73\x2e\x62\x70\x66\x2e\x63\0\x2e\x73\x74\x72\x74\x61\x62\0\x2e\x73\
\x79\x6d\x74\x61\x62\0\x2e\x72\x65\x6c\x2e\x42\x54\x46\0\x4c\x42\x42\x30\x5f\
\x37\x39\0\x4c\x42\x42\x30\x5f\x36\x39\0\x4c\x42\x42\x30\x5f\x35\x39\0\x4c\x42\
\x42\x30\x5f\x32\x39\0\x4c\x42\x42\x30\x5f\x31\x39\0\x4c\x42\x42\x30\x5f\x39\
\x38\0\x4c\x42\x42\x30\x5f\x38\x38\0\x4c\x42\x42\x30\x5f\x37\x38\0\x4c\x42\x42\
\x30\x5f\x35\x38\0\x4c\x42\x42\x30\x5f\x34\x38\0\x4c\x42\x42\x30\x5f\x32\x38\0\
\x4c\x42\x42\x30\x5f\x31\x38\0\x4c\x42\x42\x30\x5f\x37\x37\0\x4c\x42\x42\x30\
\x5f\x36\x37\0\x4c\x42\x42\x30\x5f\x35\x37\0\x4c\x42\x42\x30\x5f\x34\x37\0\x4c\
\x42\x42\x30\x5f\x39\x36\0\x4c\x42\x42\x30\x5f\x38\x36\0\x4c\x42\x42\x30\x5f\
\x31\x30\x36\0\x4c\x42\x42\x30\x5f\x35\0\x4c\x42\x42\x30\x5f\x37\x35\0\x4c\x42\
\x42\x30\x5f\x36\x35\0\x4c\x42\x42\x30\x5f\x35\x35\0\x4c\x42\x42\x30\x5f\x34\
\x35\0\x4c\x42\x42\x30\x5f\x33\x35\0\x4c\x42\x42\x30\x5f\x32\x35\0\x4c\x42\x42\
\x30\x5f\x31\x30\x35\0\x4c\x42\x42\x30\x5f\x34\0\x4c\x42\x42\x30\x5f\x38\x34\0\
\x4c\x42\x42\x30\x5f\x35\x34\0\x4c\x42\x42\x30\x5f\x34\x34\0\x4c\x42\x42\x30\
\x5f\x32\x34\0\x4c\x42\x42\x30\x5f\x31\x30\x34\0\x4c\x42\x42\x30\x5f\x33\0\x4c\
\x42\x42\x30\x5f\x39\x33\0\x4c\x42\x42\x30\x5f\x33\x33\0\x4c\x42\x42\x30\x5f\
\x31\x30\x33\0\x4c\x42\x42\x30\x5f\x32\0\x4c\x42\x42\x30\x5f\x39\x32\0\x4c\x42\
\x42\x30\x5f\x37\x32\0\x4c\x42\x42\x30\x5f\x35\x32\0\x4c\x42\x42\x30\x5f\x33\
\x32\0\x4c\x42\x42\x30\x5f\x31\x32\0\x4c\x42\x42\x30\x5f\x31\x30\x32\0\x4c\x42\
\x42\x30\x5f\x37\x31\0\x4c\x42\x42\x30\x5f\x31\x30\x31\0\x4c\x42\x42\x30\x5f\
\x39\x30\0\x4c\x42\x42\x30\x5f\x38\x30\0\x4c\x42\x42\x30\x5f\x37\x30\0\x4c\x42\
\x42\x30\x5f\x36\x30\0\x4c\x42\x42\x30\x5f\x31\x30\0\0\0\0\0\0\0\0\0\0\0\0\0\0\
\0\0\0\0\0\0\0\0\0\0\0\0\0\0\0\0\0\0\0\0\0\0\0\0\0\0\0\0\0\0\0\0\0\0\0\0\0\0\0\
\0\0\0\0\0\0\0\0\0\0\0\0\x22\x01\0\0\x03\0\0\0\0\0\0\0\0\0\0\0\0\0\0\0\0\0\0\0\
\x33\x82\0\0\0\0\0\0\xd5\x02\0\0\0\0\0\0\0\0\0\0\0\0\0\0\x01\0\0\0\0\0\0\0\0\0\
\0\0\0\0\0\0\x0f\0\0\0\x01\0\0\0\x06\0\0\0\0\0\0\0\0\0\0\0\0\0\0\0\x40\0\0\0\0\
\0\0\0\0\0\0\0\0\0\0\0\0\0\0\0\0\0\0\0\x04\0\0\0\0\0\0\0\0\0\0\0\0\0\0\0\xcf\0\
\0\0\x01\0\0\0\x06\0\0\0\0\0\0\0\0\0\0\0\0\0\0\0\x40\0\0\0\0\0\0\0\x38\x13\0\0\
\0\0\0\0\0\0\0\0\0\0\0\0\x08\0\0\0\0\0\0\0\0\0\0\0\0\0\0\0\xcb\0\0\0\x09\0\0\0\
\x40\0\0\0\0\0\0\0\0\0\0\0\0\0\0\0\x70\x64\0\0\0\0\0\0\x10\0\0\0\0\0\0\0\x1b\0\
\0\0\x03\0\0\0\x08\0\0\0\0\0\0\0\x10\0\0\0\0\0\0\0\x59\0\0\0\x01\0\0\0\x03\0\0\
\0\0\0\0\0\0\0\0\0\0\0\0\0\x78\x13\0\0\0\0\0\0\x28\0\0\0\0\0\0\0\0\0\0\0\0\0\0\
\0\x08\0\0\0\0\0\0\0\0\0\0\0\0\0\0\0\xef\0\0\0\x01\0\0\0\x03\0\0\0\0\0\0\0\0\0\
\0\0\0\0\0\0\xa0\x13\0\0\0\0\0\0\x07\0\0\0\0\0\0\0\0\0\0\0\0\0\0\0\x01\0\0\0\0\
\0\0\0\0\0\0\0\0\0\0\0\x32\0\0\0\x01\0\0\0\0\0\0\0\0\0\0\0\0\0\0\0\0\0\0\0\xa7\
\x13\0\0\0\0\0\0\x9e\x04\0\0\0\0\0\0\0\0\0\0\0\0\0\0\x01\0\0\0\0\0\0\0\0\0\0\0\
\0\0\0\0\x01\0\0\0\x01\0\0\0\0\0\0\0\0\0\0\0\0\0\0\0\0\0\0\0\x45\x18\0\0\0\0\0\
\0\xc4\x02\0\0\0\0\0\0\0\0\0\0\0\0\0\0\x01\0\0\0\0\0\0\0\0\0\0\0\0\0\0\0\xa9\0\
\0\0\x01\0\0\0\0\0\0\0\0\0\0\0\0\0\0\0\0\0\0\0\x09\x1b\0\0\0\0\0\0\xde\x0c\0\0\
\0\0\0\0\0\0\0\0\0\0\0\0\x01\0\0\0\0\0\0\0\0\0\0\0\0\0\0\0\xa5\0\0\0\x09\0\0\0\
\x40\0\0\0\0\0\0\0\0\0\0\0\0\0\0\0\x80\x64\0\0\0\0\0\0\x60\0\0\0\0\0\0\0\x1b\0\
\0\0\x09\0\0\0\x08\0\0\0\0\0\0\0\x10\0\0\0\0\0\0\0\x22\0\0\0\x01\0\0\0\0\0\0\0\
\0\0\0\0\0\0\0\0\0\0\0\0\xe7\x27\0\0\0\0\0\0\x98\0\0\0\0\0\0\0\0\0\0\0\0\0\0\0\
\x01\0\0\0\0\0\0\0\0\0\0\0\0\0\0\0\x46\0\0\0\x01\0\0\0\0\0\0\0\0\0\0\0\0\0\0\0\
\0\0\0\0\x7f\x28\0\0\0\0\0\0\xb8\x03\0\0\0\0\0\0\0\0\0\0\0\0\0\0\x01\0\0\0\0\0\
\0\0\0\0\0\0\0\0\0\0\x42\0\0\0\x09\0\0\0\x40\0\0\0\0\0\0\0\0\0\0\0\0\0\0\0\xe0\
\x64\0\0\0\0\0\0\xc0\x0e\0\0\0\0\0\0\x1b\0\0\0\x0c\0\0\0\x08\0\0\0\0\0\0\0\x10\
\0\0\0\0\0\0\0\x7a\0\0\0\x01\0\0\0\x30\0\0\0\0\0\0\0\0\0\0\0\0\0\0\0\x37\x2c\0\
\0\0\0\0\0\x2f\x09\0\0\0\0\0\0\0\0\0\0\0\0\0\0\x01\0\0\0\0\0\0\0\x01\0\0\0\0\0\
\0\0\x99\0\0\0\x01\0\0\0\0\0\0\0\0\0\0\0\0\0\0\0\0\0\0\0\x66\x35\0\0\0\0\0\0\
\x88\0\0\0\0\0\0\0\0\0\0\0\0\0\0\0\x01\0\0\0\0\0\0\0\0\0\0\0\0\0\0\0\x95\0\0\0\
\x09\0\0\0\x40\0\0\0\0\0\0\0\0\0\0\0\0\0\0\0\xa0\x73\0\0\0\0\0\0\0\x01\0\0\0\0\
\0\0\x1b\0\0\0\x0f\0\0\0\x08\0\0\0\0\0\0\0\x10\0\0\0\0\0\0\0\x36\x01\0\0\x01\0\
\0\0\0\0\0\0\0\0\0\0\0\0\0\0\0\0\0\0\xf0\x35\0\0\0\0\0\0\x50\x15\0\0\0\0\0\0\0\
\0\0\0\0\0\0\0\x04\0\0\0\0\0\0\0\0\0\0\0\0\0\0\0\x32\x01\0\0\x09\0\0\0\x40\0\0\
\0\0\0\0\0\0\0\0\0\0\0\0\0\xa0\x74\0\0\0\0\0\0\x20\0\0\0\0\0\0\0\x1b\0\0\0\x11\
\0\0\0\x08\0\0\0\0\0\0\0\x10\0\0\0\0\0\0\0\x19\0\0\0\x01\0\0\0\0\0\0\0\0\0\0\0\
\0\0\0\0\0\0\0\0\x40\x4b\0\0\0\0\0\0\x60\x0c\0\0\0\0\0\0\0\0\0\0\0\0\0\0\x04\0\
\0\0\0\0\0\0\0\0\0\0\0\0\0\0\x15\0\0\0\x09\0\0\0\x40\0\0\0\0\0\0\0\0\0\0\0\0\0\
\0\0\xc0\x74\0\0\0\0\0\0\x30\x0c\0\0\0\0\0\0\x1b\0\0\0\x13\0\0\0\x08\0\0\0\0\0\
\0\0\x10\0\0\0\0\0\0\0\x0b\x01\0\0\x01\0\0\0\0\0\0\0\0\0\0\0\0\0\0\0\0\0\0\0\
\xa0\x57\0\0\0\0\0\0\x28\0\0\0\0\0\0\0\0\0\0\0\0\0\0\0\x08\0\0\0\0\0\0\0\0\0\0\
\0\0\0\0\0\x07\x01\0\0\x09\0\0\0\x40\0\0\0\0\0\0\0\0\0\0\0\0\0\0\0\xf0\x80\0\0\
\0\0\0\0\x20\0\0\0\0\0\0\0\x1b\0\0\0\x15\0\0\0\x08\0\0\0\0\0\0\0\x10\0\0\0\0\0\
\0\0\xfb\0\0\0\x01\0\0\0\0\0\0\0\0\0\0\0\0\0\0\0\0\0\0\0\xc8\x57\0\0\0\0\0\0\
\x95\x05\0\0\0\0\0\0\0\0\0\0\0\0\0\0\x01\0\0\0\0\0\0\0\0\0\0\0\0\0\0\0\xf7\0\0\
\0\x09\0\0\0\x40\0\0\0\0\0\0\0\0\0\0\0\0\0\0\0\x10\x81\0\0\0\0\0\0\x20\x01\0\0\
\0\0\0\0\x1b\0\0\0\x17\0\0\0\x08\0\0\0\0\0\0\0\x10\0\0\0\0\0\0\0\x85\0\0\0\x01\
\0\0\0\x30\0\0\0\0\0\0\0\0\0\0\0\0\0\0\0\x5d\x5d\0\0\0\0\0\0\xe2\0\0\0\0\0\0\0\
\0\0\0\0\0\0\0\0\x01\0\0\0\0\0\0\0\x01\0\0\0\0\0\0\0\xe0\0\0\0\x03\x4c\xff\x6f\
\0\0\0\x80\0\0\0\0\0\0\0\0\0\0\0\0\x30\x82\0\0\0\0\0\0\x03\0\0\0\0\0\0\0\x1b\0\
\0\0\0\0\0\0\x01\0\0\0\0\0\0\0\0\0\0\0\0\0\0\0\x2a\x01\0\0\x02\0\0\0\0\0\0\0\0\
\0\0\0\0\0\0\0\0\0\0\0\x40\x5e\0\0\0\0\0\0\x30\x06\0\0\0\0\0\0\x01\0\0\0\x3f\0\
\0\0\x08\0\0\0\0\0\0\0\x18\0\0\0\0\0\0\0";
}

#ifdef __cplusplus
struct rss_bpf *rss_bpf::open(const struct bpf_object_open_opts *opts) { return rss_bpf__open_opts(opts); }
struct rss_bpf *rss_bpf::open_and_load() { return rss_bpf__open_and_load(); }
int rss_bpf::load(struct rss_bpf *skel) { return rss_bpf__load(skel); }
int rss_bpf::attach(struct rss_bpf *skel) { return rss_bpf__attach(skel); }
void rss_bpf::detach(struct rss_bpf *skel) { rss_bpf__detach(skel); }
void rss_bpf::destroy(struct rss_bpf *skel) { rss_bpf__destroy(skel); }
const void *rss_bpf::elf_bytes(size_t *sz) { return rss_bpf__elf_bytes(sz); }
#endif /* __cplusplus */

__attribute__((unused)) static void
rss_bpf__assert(struct rss_bpf *s __attribute__((unused)))
{
#ifdef __cplusplus
#define _Static_assert static_assert
#endif
#ifdef __cplusplus
#undef _Static_assert
#endif
}

#endif /* __RSS_BPF_SKEL_H__ */
